country_name,1970,1971,1972,1973,1974,1975,1976,1977,1978,1979,1980,1981,1982,1983,1984,1985,1986,1987,1988,1989,1990,1991,1992,1993,1994,1995,1996,1997,1998,1999,2000,2001,2002,2003,2004,2005,2006,2007,2008,2009,2010,2011,2012,2013,2014,2015,2016,2017,2018,2019
Afghanistan,0.13,0.13,0.13,0.12,0.16,0.14,0.13,0.14,0.12,0.13,0.13,0.16,0.16,0.22,0.22,0.29,0.27,0.24,0.23,0.22,0.21,0.19,0.12,0.10,0.08,0.07,0.07,0.06,0.06,0.06,0.05,0.05,0.04,0.03,0.03,0.04,0.04,0.05,0.10,0.15,0.20,0.23,0.32,0.51,0.32,0.29,0.27,0.28,0.29,0.30
Albania,2.19,2.14,2.38,2.08,2.19,2.17,2.27,2.38,2.65,3.02,3.01,2.58,2.61,2.74,2.90,2.72,2.68,2.66,2.56,2.43,2.03,1.35,0.75,0.71,0.76,0.68,0.68,0.53,0.63,1.00,1.05,1.11,1.29,1.36,1.43,1.36,1.36,1.41,1.41,1.46,1.56,1.71,1.56,1.64,1.82,1.70,1.65,1.87,1.86,1.93
Algeria,1.30,1.49,2.24,2.94,2.42,2.14,2.69,2.90,3.11,3.01,2.93,2.67,2.67,2.71,2.76,3.09,3.13,2.92,2.87,2.81,2.62,2.71,2.94,2.89,2.74,2.78,2.69,2.60,2.56,2.63,2.68,2.60,2.71,2.87,2.82,2.95,3.06,3.09,3.18,3.22,3.22,3.33,3.65,3.69,3.90,4.07,3.96,3.87,4.08,4.23
Angola,1.32,1.23,1.46,1.56,1.58,1.42,0.93,1.48,1.70,1.64,1.61,1.43,1.34,1.33,1.30,1.33,1.31,1.30,1.30,1.28,0.93,0.94,0.94,0.91,0.84,0.91,1.07,1.09,1.11,1.14,1.01,0.96,0.91,0.96,0.93,0.82,0.83,0.82,0.90,0.95,1.02,1.02,0.95,1.02,1.07,1.13,1.11,0.92,0.83,0.81
Anguilla,0.34,0.34,0.35,0.32,0.36,0.39,0.37,0.38,0.43,0.48,0.66,1.00,1.07,0.93,0.89,0.55,0.46,0.85,0.77,0.77,0.73,0.87,0.88,1.07,1.38,1.67,1.61,1.32,1.18,1.09,1.40,1.40,0.93,1.17,1.09,1.08,0.99,0.94,1.14,1.49,1.74,1.86,1.84,1.95,1.93,1.92,1.93,1.55,1.59,1.54
Antigua and Barbuda,1.80,1.77,2.02,2.19,1.79,2.23,1.96,2.15,2.21,2.07,2.06,1.84,2.43,1.43,2.03,2.24,2.45,3.27,3.44,3.33,3.35,3.54,3.50,3.26,3.66,3.53,3.47,3.21,3.08,3.14,2.92,2.85,2.80,3.15,3.21,3.17,3.03,3.10,3.12,3.59,3.77,3.69,6.36,6.50,5.75,6.25,6.26,4.98,5.08,4.90
Argentina,3.70,3.66,3.65,3.75,3.68,3.54,3.67,3.74,3.73,3.87,3.73,3.59,3.47,3.48,3.36,3.13,3.45,3.55,3.67,3.54,3.30,3.39,3.45,3.38,3.59,3.66,3.84,4.00,4.07,4.16,4.07,3.77,3.52,3.82,4.21,4.23,4.46,4.61,4.86,4.56,4.65,4.79,4.88,4.75,4.89,4.90,4.85,4.65,4.59,4.42
Armenia,4.32,4.23,4.43,4.72,5.00,5.38,5.45,5.55,5.65,5.78,6.04,6.07,6.15,6.09,6.03,6.01,5.95,5.92,5.84,5.68,5.85,6.15,3.20,1.54,0.88,1.12,0.84,1.10,1.15,1.04,1.19,1.22,1.05,1.18,1.28,1.52,1.55,1.80,1.99,1.61,1.55,1.77,2.04,1.92,1.90,1.72,1.73,1.85,2.11,2.02
Aruba,0.36,0.36,0.41,0.44,0.37,0.46,0.41,0.45,0.47,0.44,0.44,0.46,0.43,0.43,0.48,0.52,0.56,0.62,3.77,4.24,4.78,5.51,5.25,5.23,4.89,5.54,3.61,5.41,5.21,5.34,4.97,5.21,5.06,4.94,5.37,4.70,4.81,4.34,4.41,4.63,4.90,4.49,7.80,9.85,9.23,9.20,9.27,7.42,7.61,7.39
Australia,12.54,12.40,12.65,13.19,13.69,14.02,14.06,14.83,14.43,14.66,15.19,15.05,15.27,14.29,14.45,15.15,14.93,15.37,15.65,16.34,16.29,16.19,16.18,16.22,16.36,16.75,17.15,17.46,18.39,18.47,18.58,18.73,18.94,18.93,19.41,19.37,19.36,19.52,19.30,19.20,18.68,18.28,17.99,17.54,16.91,16.98,17.07,16.95,16.79,17.27
Austria,7.18,7.45,7.72,8.13,7.79,7.48,8.16,7.81,8.10,8.43,8.19,7.76,7.49,7.49,7.73,7.90,7.73,7.80,7.60,7.57,8.15,8.58,7.85,7.80,7.82,8.17,8.62,8.57,8.63,8.38,8.44,8.99,9.13,9.70,9.79,9.81,9.52,9.21,9.19,8.36,8.96,8.69,8.31,8.28,7.82,7.95,7.90,8.21,8.05,8.25
Azerbaijan,6.23,6.11,6.46,6.89,7.29,7.96,8.18,8.44,8.71,8.97,9.35,9.51,9.58,9.73,9.83,9.84,10.08,10.27,10.25,10.12,7.54,7.23,5.80,5.03,4.41,4.22,3.51,3.38,3.36,3.29,3.46,3.26,3.20,3.46,3.40,3.57,3.58,3.22,3.52,2.91,2.74,3.06,3.33,3.38,3.48,3.41,3.42,3.32,3.40,3.59
Bahamas,9.55,9.44,10.52,10.95,8.87,9.39,7.95,8.66,8.85,8.48,8.18,7.86,6.28,4.67,4.60,4.39,4.64,5.46,5.27,5.57,5.95,5.62,4.65,4.63,4.90,5.70,6.34,5.95,6.51,5.99,5.48,5.37,5.23,6.19,6.25,6.28,5.97,5.77,3.95,4.64,4.84,4.71,8.10,8.93,8.21,7.75,7.76,6.18,6.30,6.08
Bahrain,13.93,13.53,15.58,18.82,21.10,20.59,20.99,21.68,21.51,21.66,20.92,21.54,22.02,22.26,22.18,22.98,25.27,23.86,24.32,23.71,24.17,22.68,26.00,27.44,27.27,27.01,27.30,27.31,28.10,27.21,26.73,26.38,26.14,25.56,24.00,26.28,26.55,24.95,24.84,23.35,23.24,22.72,22.78,24.46,24.89,24.50,23.95,23.15,21.00,21.64
Bangladesh,0.05,0.05,0.05,0.06,0.06,0.07,0.08,0.08,0.08,0.09,0.10,0.09,0.10,0.10,0.09,0.10,0.11,0.12,0.12,0.13,0.14,0.13,0.14,0.14,0.15,0.18,0.18,0.19,0.19,0.20,0.21,0.24,0.25,0.25,0.26,0.28,0.29,0.31,0.34,0.36,0.39,0.41,0.43,0.44,0.46,0.50,0.51,0.54,0.56,0.66
Barbados,1.23,1.22,1.40,1.50,1.23,1.54,1.39,1.52,1.60,1.52,1.51,1.66,1.57,1.69,1.96,2.54,2.87,2.81,2.74,3.02,2.98,3.13,2.99,2.87,2.69,2.69,2.50,3.01,3.29,3.45,6.11,7.94,7.93,8.65,7.43,7.89,7.89,7.84,8.15,8.28,8.36,8.27,10.05,11.03,10.77,11.16,11.97,10.92,11.90,13.34
Belarus,7.15,7.11,7.57,8.16,8.51,9.38,9.45,9.78,10.06,10.46,10.53,10.87,10.76,10.72,10.52,10.43,10.44,10.34,10.17,9.76,10.67,10.26,9.29,8.05,6.89,6.18,6.28,6.34,6.20,6.01,5.82,5.73,5.78,5.88,6.26,6.37,6.66,6.53,6.89,6.62,7.08,6.79,6.89,6.94,6.85,6.37,6.38,6.52,6.93,7.03
Belgium,14.57,13.47,14.62,15.08,14.88,13.08,14.05,13.76,14.19,15.11,13.98,12.76,11.96,10.98,11.25,10.99,11.04,11.03,11.25,11.33,11.59,11.95,11.71,11.47,11.94,12.02,12.48,12.14,12.44,12.01,12.14,12.12,11.43,11.85,11.67,11.25,11.06,10.64,10.71,9.93,10.59,9.55,9.36,9.44,8.83,9.22,9.09,8.95,9.10,9.03
Belize,0.50,0.49,0.56,0.60,0.49,0.61,0.53,0.58,0.59,0.55,0.53,0.55,0.51,0.50,0.54,0.58,0.80,0.65,0.44,0.62,1.00,1.05,0.83,0.78,0.75,0.90,0.71,0.97,0.92,0.93,1.27,1.63,1.58,1.53,1.67,1.55,1.47,1.58,0.84,0.76,0.78,0.76,1.29,1.30,1.19,1.22,1.21,0.96,0.94,0.95
Benin,0.11,0.12,0.15,0.16,0.16,0.17,0.11,0.13,0.13,0.14,0.15,0.12,0.13,0.13,0.13,0.15,0.13,0.11,0.10,0.09,0.08,0.07,0.07,0.07,0.07,0.07,0.18,0.22,0.21,0.22,0.23,0.27,0.30,0.32,0.33,0.36,0.47,0.52,0.51,0.53,0.56,0.53,0.49,0.50,0.52,0.57,0.68,0.67,0.69,0.69
Bermuda,3.08,3.05,3.49,3.79,3.11,3.89,3.41,3.74,3.85,3.59,3.54,3.28,3.07,3.51,3.93,3.73,3.98,6.19,7.02,7.93,5.51,5.19,3.90,4.30,4.23,4.16,4.78,4.52,4.43,4.61,4.36,3.79,4.28,4.25,4.91,4.36,4.22,5.82,3.98,5.23,5.59,5.57,9.75,6.11,6.04,6.91,7.03,5.69,5.88,5.75
Bhutan,0.13,0.13,0.14,0.14,0.14,0.13,0.13,0.14,0.14,0.14,0.14,0.19,0.19,0.19,0.17,0.19,0.18,0.39,0.38,0.33,0.39,0.39,0.37,0.37,0.47,0.69,0.72,0.79,0.81,1.01,0.79,0.72,0.78,0.64,0.49,0.78,0.80,0.68,1.02,1.67,1.81,2.11,2.48,1.52,1.51,1.48,1.75,1.91,2.54,2.57
Bolivia,0.68,0.83,0.96,0.88,0.81,0.91,1.00,0.94,1.05,0.92,0.88,0.92,0.95,0.95,0.86,0.81,0.75,0.77,0.80,0.92,0.95,0.97,1.03,1.20,1.26,1.12,1.03,1.11,1.05,0.98,1.00,0.91,0.94,1.01,1.06,1.10,1.16,1.24,1.33,1.39,1.50,1.60,1.75,1.74,1.85,1.83,1.99,2.15,2.15,2.15
Bosnia and Herzegovina,4.19,4.15,3.81,4.12,4.39,4.46,4.04,4.34,4.19,4.07,3.99,4.52,4.92,5.20,5.08,5.22,5.23,4.95,4.82,4.91,5.50,5.03,3.84,3.34,0.85,0.93,1.18,2.34,2.96,2.91,3.81,3.75,3.94,4.03,4.26,4.47,4.96,5.23,5.75,5.78,5.96,6.84,6.37,6.43,6.59,6.80,7.74,7.87,7.98,9.57
Botswana,0.41,0.40,0.40,0.40,0.40,0.43,0.95,1.03,1.05,1.08,1.14,1.34,1.34,1.27,1.23,1.27,1.42,1.43,1.66,1.78,2.05,1.97,2.33,2.24,2.10,2.13,1.88,1.96,2.29,2.37,2.42,2.31,2.38,2.30,2.27,2.41,2.26,2.35,2.33,2.18,1.74,2.01,2.45,2.60,3.26,3.25,3.14,3.41,3.24,2.96
Brazil,1.15,1.12,1.21,1.35,1.41,1.46,1.59,1.62,1.70,1.77,1.73,1.57,1.52,1.40,1.40,1.43,1.57,1.58,1.56,1.55,1.53,1.55,1.55,1.59,1.62,1.71,1.83,1.92,1.95,1.97,2.07,2.04,2.01,1.99,2.05,2.04,2.03,2.10,2.18,2.02,2.27,2.35,2.51,2.60,2.71,2.53,2.35,2.38,2.28,2.25
British Virgin Islands,0.68,0.66,0.76,0.82,0.67,0.84,0.74,0.81,0.83,0.77,0.75,1.22,1.11,1.07,1.07,1.14,1.28,1.57,1.67,1.65,1.60,1.66,1.73,1.61,1.57,1.52,1.67,1.56,1.50,1.53,1.42,1.38,1.35,1.32,1.58,1.36,1.28,2.54,2.50,2.54,2.62,2.53,4.32,4.38,4.93,4.94,4.91,3.88,3.93,3.77
Brunei,15.76,13.92,15.65,17.56,16.56,15.89,17.18,16.72,16.94,14.57,17.53,14.18,14.94,15.40,13.87,13.53,13.04,12.92,13.13,12.68,12.92,13.92,14.25,14.44,15.07,15.81,16.17,17.58,14.63,14.08,14.67,14.34,13.81,16.14,14.65,14.17,20.79,19.47,21.21,20.84,18.88,19.06,18.70,18.19,17.52,15.61,16.77,17.35,16.83,15.98
Bulgaria,8.30,8.24,8.46,8.57,8.69,9.21,9.29,9.59,9.89,10.22,10.54,10.05,10.26,10.11,9.92,10.18,10.32,10.37,10.29,10.22,9.31,7.20,6.91,7.07,6.97,7.16,7.34,6.98,6.56,5.92,5.95,6.26,5.95,6.75,6.53,6.74,6.96,7.53,7.18,6.16,6.55,7.31,6.69,6.03,6.40,6.77,6.39,6.77,6.39,6.20
Burkina Faso,0.04,0.04,0.04,0.04,0.04,0.05,0.04,0.04,0.04,0.05,0.05,0.05,0.04,0.04,0.04,0.04,0.05,0.06,0.05,0.05,0.04,0.06,0.05,0.05,0.05,0.05,0.06,0.09,0.08,0.08,0.08,0.08,0.07,0.08,0.08,0.08,0.08,0.09,0.13,0.12,0.12,0.13,0.14,0.18,0.18,0.17,0.17,0.17,0.18,0.18
Burundi,0.01,0.01,0.01,0.01,0.01,0.01,0.01,0.01,0.01,0.02,0.02,0.03,0.01,0.02,0.02,0.02,0.02,0.03,0.05,0.04,0.04,0.05,0.05,0.05,0.05,0.05,0.05,0.05,0.05,0.05,0.04,0.05,0.05,0.05,0.05,0.04,0.04,0.04,0.03,0.03,0.03,0.03,0.03,0.03,0.03,0.03,0.03,0.03,0.03,0.03
Cabo Verde,0.68,0.67,0.66,0.68,0.73,0.76,0.76,0.78,0.75,0.84,0.90,0.81,0.31,0.31,0.29,0.30,0.13,0.17,0.18,0.16,0.14,0.33,0.28,0.27,0.27,0.27,0.27,0.29,0.25,0.25,0.36,0.24,0.23,0.24,0.49,0.48,0.47,0.63,0.62,0.65,0.66,0.77,0.79,1.41,1.44,1.65,1.67,1.71,1.78,1.83
Cambodia,0.03,0.03,0.03,0.04,0.04,0.04,0.04,0.04,0.04,0.04,0.04,0.05,0.05,0.05,0.05,0.05,0.05,0.05,0.05,0.05,0.05,0.05,0.05,0.05,0.03,0.14,0.15,0.16,0.17,0.16,0.16,0.18,0.18,0.19,0.19,0.20,0.22,0.27,0.29,0.34,0.35,0.36,0.37,0.38,0.44,0.56,0.63,0.72,0.98,1.00
Cameroon,0.14,0.14,0.14,0.15,0.14,0.17,0.15,0.21,0.22,0.23,0.24,0.25,0.26,0.50,0.51,0.48,0.56,0.50,0.31,0.42,0.41,0.38,0.36,0.38,0.40,0.39,0.39,0.38,0.39,0.36,0.38,0.37,0.35,0.35,0.34,0.32,0.31,0.36,0.37,0.39,0.38,0.35,0.35,0.36,0.38,0.41,0.42,0.41,0.40,0.40
Canada,16.77,16.85,17.44,18.02,18.12,17.43,17.75,18.15,18.06,18.50,18.49,17.51,16.55,16.21,16.79,16.60,16.00,16.24,17.18,17.53,16.37,15.91,16.16,15.95,16.37,16.65,16.94,17.35,17.41,17.59,18.14,17.67,17.72,18.17,17.76,17.97,17.58,18.35,17.52,16.29,16.59,16.71,16.51,16.72,16.64,16.34,15.92,15.78,16.06,15.69
Cayman Islands,2.20,2.10,2.30,2.37,1.84,2.18,1.81,1.89,1.85,1.65,1.57,3.19,2.90,2.83,3.09,3.23,3.32,3.46,6.79,6.20,5.94,6.04,5.81,5.29,4.99,5.85,5.58,4.99,4.63,4.60,4.17,3.99,3.84,3.73,4.49,3.87,4.25,4.87,6.02,4.93,5.13,4.98,8.55,8.70,7.96,8.23,8.22,6.52,6.63,6.38
Central African Republic,0.05,0.04,0.04,0.04,0.05,0.05,0.05,0.05,0.04,0.05,0.05,0.07,0.06,0.06,0.06,0.06,0.06,0.07,0.07,0.06,0.05,0.08,0.07,0.07,0.07,0.07,0.07,0.07,0.06,0.06,0.07,0.07,0.07,0.07,0.07,0.06,0.07,0.08,0.07,0.08,0.08,0.09,0.10,0.09,0.09,0.10,0.10,0.10,0.10,0.10
Chad,0.04,0.04,0.04,0.04,0.04,0.05,0.04,0.05,0.04,0.05,0.05,0.05,0.04,0.04,0.02,0.02,0.04,0.04,0.03,0.02,0.05,0.05,0.04,0.02,0.02,0.02,0.03,0.03,0.03,0.02,0.02,0.02,0.02,0.04,0.04,0.04,0.04,0.05,0.04,0.04,0.04,0.04,0.05,0.05,0.05,0.06,0.07,0.06,0.06,0.06
Chile,2.91,3.11,3.18,3.12,2.88,2.58,2.60,2.40,2.41,2.51,2.46,2.22,1.86,1.87,1.94,1.84,1.84,1.82,2.16,2.57,2.49,2.34,2.39,2.49,2.68,2.89,3.27,3.68,3.66,3.78,3.50,3.32,3.32,3.40,3.64,3.65,3.68,4.09,4.26,4.04,4.24,4.58,4.67,4.87,4.48,4.77,4.97,4.98,5.03,4.90
China,1.10,1.08,1.12,1.14,1.14,1.28,1.31,1.45,1.61,1.63,1.57,1.54,1.59,1.65,1.77,1.75,1.82,1.91,2.02,2.05,2.05,2.14,2.22,2.38,2.50,2.74,2.70,2.73,2.77,2.70,2.87,2.99,3.20,3.69,4.24,4.75,5.25,5.72,5.81,6.20,6.74,7.34,7.47,7.62,7.66,7.64,7.62,7.74,7.88,8.12
Colombia,1.44,1.41,1.42,1.43,1.51,1.39,1.44,1.45,1.51,1.48,1.48,1.46,1.45,1.49,1.48,1.50,1.48,1.52,1.50,1.52,1.53,1.55,1.58,1.64,1.60,1.65,1.60,1.71,1.72,1.49,1.53,1.50,1.42,1.39,1.37,1.41,1.36,1.38,1.38,1.43,1.45,1.56,1.55,1.65,1.68,1.66,1.83,1.58,1.58,1.74
Comoros,0.10,0.10,0.10,0.10,0.10,0.10,0.10,0.10,0.09,0.10,0.11,0.09,0.09,0.09,0.08,0.07,0.07,0.15,0.14,0.12,0.12,0.14,0.12,0.11,0.11,0.11,0.11,0.12,0.10,0.10,0.10,0.10,0.09,0.10,0.10,0.19,0.18,0.19,0.19,0.19,0.20,0.22,0.23,0.27,0.22,0.24,0.24,0.25,0.25,0.25
Congo,1.32,1.47,1.37,5.99,8.36,5.01,4.70,1.47,0.89,0.78,1.00,1.09,1.22,1.23,1.18,1.16,1.10,1.09,1.05,1.03,0.98,0.98,0.93,0.89,0.80,0.98,1.15,1.15,1.33,1.34,1.41,1.34,0.85,1.03,1.01,1.17,1.26,1.08,1.08,1.16,1.21,1.08,0.97,1.15,1.09,1.06,0.99,0.93,1.07,1.05
Cook Islands,0.92,0.92,0.97,1.10,1.39,1.19,1.16,1.27,1.29,1.51,1.59,3.53,3.19,3.38,2.82,3.11,2.44,2.73,2.74,2.28,2.33,1.91,2.31,2.25,1.60,1.65,1.74,1.78,1.98,1.90,2.40,2.52,2.29,2.17,2.40,2.97,2.78,2.52,2.91,2.88,3.16,4.06,5.89,3.54,2.39,2.26,2.17,2.27,2.37,2.51
Costa Rica,0.78,0.76,0.83,0.92,0.88,0.94,0.95,1.16,1.22,1.19,1.04,0.94,0.78,0.77,0.78,0.80,0.82,0.84,0.87,0.96,0.94,1.00,1.31,1.28,1.46,1.42,1.31,1.27,1.38,1.34,1.31,1.39,1.39,1.48,1.48,1.49,1.61,1.76,1.72,1.63,1.60,1.63,1.62,1.68,1.69,1.61,1.70,1.71,1.74,1.80
C?te d¡¯Ivoire,0.50,0.49,0.52,0.51,0.50,0.52,0.57,0.54,0.59,0.53,0.48,0.42,0.39,0.43,0.37,0.33,0.33,0.31,0.30,0.28,0.25,0.25,0.24,0.24,0.24,0.26,0.31,0.37,0.35,0.45,0.42,0.42,0.43,0.34,0.34,0.36,0.34,0.34,0.37,0.34,0.37,0.36,0.44,0.45,0.48,0.50,0.50,0.52,0.53,0.53
Croatia,4.97,4.87,4.94,5.23,5.44,5.43,5.34,5.41,5.60,6.08,5.48,5.23,5.36,5.58,5.28,5.46,5.86,5.52,5.99,6.08,5.27,3.83,3.53,3.67,3.58,3.71,3.74,4.16,4.44,4.51,4.43,4.70,4.94,5.28,5.34,5.41,5.50,5.89,5.61,5.12,4.96,4.85,4.49,4.42,4.30,4.39,4.47,4.65,4.55,4.62
Cuba,2.49,2.46,2.37,2.52,2.70,2.73,2.86,3.09,3.31,3.31,3.38,3.39,3.35,3.60,3.76,3.49,3.53,3.81,3.93,3.96,3.64,2.81,2.22,2.02,2.07,2.19,2.36,2.57,2.45,2.57,2.60,2.49,2.37,2.30,2.25,2.32,2.36,2.44,2.36,2.70,2.98,2.73,2.79,2.69,2.67,2.70,2.78,2.62,2.72,2.70
Cura?ao,32.90,32.49,37.25,40.51,33.15,41.81,36.91,41.02,42.75,40.30,40.07,39.77,36.02,33.31,35.18,31.95,33.80,37.85,36.78,37.63,37.32,37.74,37.47,36.00,37.28,39.25,39.91,41.09,41.21,42.31,40.81,41.72,40.06,38.38,39.85,36.91,36.66,38.72,42.08,40.10,42.02,45.91,48.06,50.40,46.50,46.68,40.96,36.73,37.57,36.38
Cyprus,3.54,3.52,4.25,4.39,3.33,3.35,4.02,4.22,4.34,4.58,4.79,4.56,4.60,4.56,4.61,4.49,4.93,5.63,5.60,5.81,5.92,6.51,6.69,6.76,6.84,6.56,6.76,6.72,7.09,7.22,7.44,7.16,7.23,7.85,7.65,7.67,7.58,7.78,7.81,7.51,7.17,6.84,6.31,5.76,6.06,5.95,6.29,6.33,6.21,6.19
Czechia,19.36,19.32,19.21,18.90,17.12,17.72,18.12,19.02,18.29,19.16,18.37,18.40,18.54,18.62,18.89,18.66,18.53,18.57,18.15,17.36,15.75,14.28,13.70,13.46,12.91,12.95,13.07,12.80,12.25,11.58,12.70,12.74,12.25,12.69,12.80,12.40,12.46,12.64,12.05,11.21,11.46,11.17,10.76,10.33,10.08,10.16,10.32,10.32,10.27,9.94
Democratic Republic of the Congo,0.12,0.12,0.12,0.12,0.13,0.11,0.11,0.12,0.13,0.14,0.14,0.14,0.11,0.14,0.14,0.12,0.11,0.12,0.12,0.11,0.10,0.05,0.05,0.04,0.06,0.06,0.06,0.06,0.06,0.05,0.04,0.04,0.04,0.05,0.04,0.05,0.05,0.05,0.05,0.05,0.05,0.05,0.05,0.06,0.07,0.05,0.04,0.04,0.03,0.03
Denmark,12.65,11.77,12.11,11.86,10.54,10.95,12.04,12.34,12.31,12.96,12.83,10.83,11.28,10.61,10.94,12.47,12.60,12.21,11.44,10.31,10.42,12.47,11.33,11.72,12.45,11.78,14.28,12.34,11.53,10.92,10.10,10.36,10.25,11.22,10.16,9.48,10.89,9.95,9.31,8.86,8.83,7.88,6.92,7.21,6.44,5.98,6.26,5.86,5.86,5.39
Djibouti,5.04,4.75,4.44,4.28,4.22,4.06,3.66,3.38,2.98,3.08,3.17,2.27,2.11,1.52,1.21,1.19,1.09,1.28,1.12,2.20,1.86,2.25,1.98,1.95,1.95,2.00,2.01,2.09,1.80,1.81,1.79,1.79,1.73,1.87,1.91,1.88,1.70,1.72,1.26,1.31,1.32,1.53,1.57,1.02,1.02,1.00,1.02,1.03,1.05,1.06
Dominica,0.12,0.12,0.14,0.15,0.13,0.16,0.14,0.15,0.15,0.14,0.14,0.19,0.18,0.18,0.21,0.26,0.28,0.33,0.44,0.45,0.46,0.49,0.49,0.74,0.87,0.88,0.97,0.93,0.54,0.94,0.93,0.88,1.31,1.33,1.34,0.76,1.18,1.16,1.19,1.17,1.14,1.13,1.76,1.81,1.63,1.72,1.73,1.39,1.43,1.38
Dominican Republic,0.85,0.84,1.07,1.04,1.08,1.09,1.10,1.15,1.15,1.18,1.19,1.11,1.05,1.19,1.22,1.06,1.16,1.30,1.28,1.34,1.12,1.15,1.31,1.27,1.46,1.52,1.61,1.80,2.10,2.23,2.31,2.26,2.65,2.17,1.99,2.10,2.22,2.23,2.19,2.08,2.16,2.13,2.19,2.25,2.14,2.24,2.31,2.19,2.27,2.48
Ecuador,0.83,0.72,0.70,0.86,1.02,1.08,1.20,1.36,1.48,1.57,1.61,1.72,1.69,1.55,1.56,1.64,1.68,1.50,1.65,1.62,1.72,1.68,1.73,1.65,1.69,1.82,2.05,2.09,2.02,1.64,1.73,1.81,1.81,1.78,1.95,2.06,2.15,2.18,2.19,2.34,2.54,2.54,2.52,2.59,2.76,2.65,2.50,2.39,2.48,2.38
Egypt,0.72,0.70,0.74,0.67,0.76,0.80,0.91,0.92,0.91,0.96,1.03,1.13,1.19,1.30,1.39,1.42,1.44,1.52,1.52,1.57,1.59,1.59,1.61,1.59,1.49,1.55,1.64,1.71,1.77,1.87,1.81,1.96,1.98,1.98,2.11,2.31,2.41,2.53,2.50,2.55,2.52,2.56,2.67,2.56,2.56,2.56,2.58,2.61,2.57,2.52
El Salvador,0.43,0.44,0.49,0.52,0.52,0.57,0.56,0.57,0.59,0.54,0.45,0.44,0.41,0.42,0.40,0.43,0.42,0.50,0.49,0.48,0.50,0.63,0.70,0.75,0.86,0.92,0.82,0.98,1.02,1.01,0.99,1.05,1.06,1.11,1.11,1.15,1.22,1.27,1.14,1.12,1.09,1.13,1.14,1.11,1.10,1.18,1.18,1.08,1.08,1.11
Equatorial Guinea,0.10,0.10,0.11,0.11,0.13,0.14,0.14,0.15,0.15,0.16,0.17,0.15,0.16,0.15,0.14,0.13,0.14,0.17,0.15,0.26,0.23,0.26,0.23,0.22,2.53,2.58,2.66,3.43,3.96,4.11,4.13,5.18,4.00,4.29,4.59,4.45,4.18,4.58,5.24,4.32,4.59,4.70,3.83,3.58,3.41,3.22,2.83,2.62,2.62,2.55
Eritrea,0.10,0.10,0.09,0.08,0.08,0.08,0.07,0.07,0.07,0.07,0.07,0.07,0.08,0.07,0.06,0.06,0.06,0.07,0.07,0.07,0.07,0.07,0.07,0.15,0.21,0.24,0.26,0.28,0.26,0.19,0.20,0.19,0.20,0.18,0.18,0.17,0.15,0.13,0.12,0.10,0.11,0.12,0.13,0.14,0.14,0.14,0.14,0.14,0.14,0.14
Estonia,10.62,10.54,11.20,11.57,11.22,12.27,11.62,12.16,11.31,12.01,11.47,12.04,11.49,11.36,10.89,10.71,10.72,10.27,10.30,9.93,24.58,22.55,17.12,13.49,13.89,13.08,13.82,13.70,12.96,12.02,12.13,12.60,12.08,13.75,14.16,14.50,13.72,16.59,15.67,13.43,16.59,16.13,15.38,17.36,17.21,15.07,15.36,15.94,17.10,14.19
Eswatini,0.40,0.39,0.39,0.39,0.39,0.42,0.85,0.92,0.94,0.98,1.05,0.92,1.11,0.65,0.57,0.74,0.87,0.90,0.83,0.78,0.70,0.73,0.56,0.50,0.66,0.64,0.61,0.93,0.89,0.93,1.58,1.53,1.44,1.30,1.24,1.39,1.51,1.82,1.88,1.79,1.70,1.42,1.41,0.95,0.91,0.87,0.88,0.89,0.86,0.81
Ethiopia,0.05,0.05,0.04,0.05,0.05,0.04,0.04,0.04,0.04,0.04,0.04,0.04,0.04,0.04,0.04,0.04,0.04,0.05,0.05,0.05,0.05,0.05,0.03,0.04,0.04,0.05,0.05,0.05,0.05,0.05,0.06,0.07,0.07,0.07,0.07,0.07,0.07,0.08,0.09,0.09,0.08,0.09,0.10,0.11,0.13,0.14,0.15,0.16,0.17,0.17
Falkland Islands,1.76,1.78,2.06,2.29,1.90,2.42,2.16,2.40,2.50,2.36,2.37,2.53,2.39,2.41,2.72,3.64,3.91,4.26,8.71,7.49,6.55,6.73,6.51,5.92,5.64,6.01,6.47,6.52,5.06,5.15,4.76,4.67,4.60,4.59,4.73,5.60,5.92,7.03,7.35,7.67,8.19,8.10,14.13,13.54,12.46,13.02,13.12,10.56,10.63,10.87
Faroes,0.02,0.02,0.02,0.02,0.03,0.03,0.03,0.03,0.03,0.03,0.03,0.03,0.03,0.03,0.03,0.03,0.03,0.03,0.03,0.03,0.03,0.03,0.03,0.03,0.03,0.03,0.03,0.03,0.03,0.03,0.04,0.04,0.04,0.04,0.04,0.04,0.04,0.04,0.04,0.04,0.04,0.04,0.04,0.04,0.04,0.04,0.04,0.04,0.04,0.04
Fiji,1.50,1.48,1.53,1.67,1.99,1.66,1.55,1.62,1.59,1.75,1.76,1.87,1.69,1.41,1.13,1.21,1.29,1.07,1.09,1.25,1.41,1.19,1.19,1.25,0.93,0.99,1.08,1.09,1.10,1.20,1.41,1.62,1.78,2.18,2.65,2.65,2.55,2.26,2.10,1.29,1.40,1.72,2.39,2.31,1.46,1.36,1.30,1.36,1.40,1.48
Finland,9.48,9.37,10.20,11.13,10.33,10.17,11.42,11.29,12.23,12.14,12.21,10.20,9.79,9.41,9.63,10.49,10.47,11.38,11.07,11.04,11.46,11.53,10.90,11.08,12.34,11.63,12.75,12.30,11.65,11.49,11.17,12.30,12.66,14.23,13.48,11.10,13.25,12.83,11.20,10.66,12.27,10.80,9.66,9.80,9.02,8.36,8.84,8.36,8.54,7.81
France and Monaco,9.18,9.36,9.61,10.22,9.81,8.99,9.75,9.39,9.68,9.79,9.38,8.41,7.97,7.60,7.35,7.12,6.86,6.71,6.66,6.90,6.78,7.16,6.94,6.56,6.44,6.56,6.78,6.61,6.95,6.81,6.75,6.79,6.65,6.69,6.66,6.67,6.47,6.32,6.17,5.89,6.02,5.51,5.50,5.49,4.91,5.00,5.01,5.06,4.93,4.81
French Guiana,2.08,2.01,2.25,2.40,1.92,2.35,2.01,2.16,2.17,1.96,1.87,1.52,2.04,1.96,1.75,1.80,1.82,2.26,2.57,2.67,3.20,3.60,2.86,3.51,3.37,3.50,3.56,3.28,3.45,3.46,3.17,2.95,2.81,2.85,2.63,2.41,2.26,2.13,1.97,1.72,2.26,1.74,2.88,3.12,2.76,2.68,2.63,2.09,2.06,2.06
French Polynesia,1.31,1.27,1.29,1.40,1.68,1.36,1.26,1.29,1.24,1.36,1.36,2.38,2.54,3.47,4.24,4.21,4.49,4.92,4.86,4.51,4.23,4.11,3.82,3.69,2.17,2.21,2.27,2.23,2.40,2.24,2.32,2.42,2.21,2.54,2.82,3.08,3.00,2.78,3.22,3.10,3.31,4.14,5.88,3.25,1.97,1.94,1.84,1.91,1.97,2.08
Gabon,1.02,1.86,1.96,6.17,6.21,7.84,8.91,8.61,9.35,8.99,8.44,8.66,8.42,7.54,8.49,9.45,6.60,5.48,5.51,6.76,6.48,5.04,4.95,4.93,4.77,5.22,5.68,5.30,5.91,5.49,5.37,5.34,5.00,5.53,4.86,4.56,3.95,3.48,3.59,3.42,3.63,3.43,3.35,3.37,3.35,3.33,3.31,3.19,1.69,1.65
Georgia,5.49,5.39,5.66,5.98,6.24,6.64,6.71,6.75,6.92,7.11,7.28,7.33,7.23,7.09,7.00,6.89,6.77,6.79,6.64,6.38,6.42,4.98,3.97,3.24,2.14,1.72,1.39,1.24,1.13,1.06,1.14,0.84,0.75,0.82,0.90,1.11,1.23,1.46,1.30,1.49,1.47,1.80,1.99,2.05,2.36,2.57,2.68,2.70,3.33,3.45
Germany,13.77,13.66,13.98,14.60,14.22,13.47,14.25,14.02,14.52,15.18,14.54,14.11,13.55,13.78,14.00,14.03,13.92,13.77,13.64,13.40,12.87,12.52,11.78,11.61,11.42,11.31,11.62,11.21,11.12,10.72,10.69,10.88,10.68,10.70,10.50,10.26,10.47,10.10,10.25,9.51,10.10,9.76,9.89,10.09,9.58,9.63,9.65,9.46,9.13,8.52
Ghana,0.28,0.27,0.28,0.28,0.29,0.30,0.30,0.30,0.29,0.25,0.25,0.29,0.24,0.15,0.17,0.19,0.20,0.21,0.21,0.23,0.22,0.20,0.23,0.23,0.24,0.25,0.26,0.27,0.35,0.37,0.32,0.34,0.39,0.36,0.33,0.34,0.39,0.41,0.37,0.42,0.47,0.49,0.57,0.59,0.56,0.58,0.53,0.56,0.55,0.56
Gibraltar,2.43,2.40,2.04,2.04,2.04,2.13,2.10,1.98,1.87,2.61,3.10,2.88,3.21,2.90,2.80,3.01,3.90,4.32,4.88,4.69,4.93,6.95,8.20,8.24,9.64,9.35,9.48,9.72,10.17,10.51,10.94,11.15,11.29,11.43,12.34,12.66,13.16,12.97,13.17,14.31,14.31,13.75,13.94,14.77,15.78,16.79,18.29,19.84,19.70,19.88
Greece,3.48,3.57,4.33,4.59,4.46,4.64,5.12,5.29,5.49,5.71,5.66,5.57,5.64,5.96,6.07,6.38,6.31,6.79,7.21,7.62,7.73,7.65,7.77,7.64,7.70,7.90,7.83,7.86,8.13,8.11,8.71,8.86,8.84,9.15,9.11,9.28,9.13,9.41,9.02,8.49,7.86,7.61,7.24,6.61,6.41,6.29,6.22,6.30,6.14,5.89
Greenland,0.05,0.05,0.05,0.05,0.05,0.05,0.05,0.05,0.05,0.05,0.05,0.05,0.05,0.05,0.05,0.05,0.05,0.05,0.05,0.05,0.06,0.06,0.06,0.06,0.06,0.06,0.06,0.06,0.06,0.06,0.06,0.06,0.06,0.06,10.93,11.08,11.52,11.31,11.61,10.10,11.76,12.68,9.98,9.76,9.07,9.18,9.31,9.40,9.36,9.47
Grenada,0.15,0.15,0.17,0.19,0.16,0.20,0.18,0.20,0.21,0.20,0.19,0.23,0.23,0.22,0.25,0.28,0.33,0.38,0.40,0.39,0.77,0.82,0.82,0.77,0.76,0.74,0.75,1.06,1.04,1.08,0.69,1.02,1.01,1.01,1.38,1.22,1.18,1.21,1.23,1.29,1.36,1.34,2.33,3.00,2.47,2.62,2.64,2.11,2.17,2.10
Guadeloupe,0.62,0.63,0.71,0.76,0.66,0.78,0.72,0.79,0.82,0.79,0.77,1.04,1.20,1.25,1.48,1.40,1.46,1.78,2.03,2.10,2.27,2.52,2.35,2.50,2.56,2.45,2.45,2.31,2.25,2.31,2.35,2.35,2.36,2.42,2.48,2.35,2.34,2.68,2.84,2.50,2.64,2.61,4.48,5.20,4.93,5.01,5.07,4.14,4.26,4.17
Guatemala,0.44,0.42,0.46,0.48,0.48,0.52,0.50,0.56,0.60,0.65,0.64,0.54,0.48,0.40,0.44,0.45,0.38,0.41,0.40,0.42,0.42,0.44,0.50,0.54,0.57,0.65,0.62,0.64,0.78,0.76,0.83,0.85,0.88,0.84,0.87,0.90,0.89,0.93,0.82,0.84,0.80,0.80,0.80,0.90,1.14,1.05,1.10,1.05,1.16,1.21
Guinea,0.12,0.12,0.12,0.12,0.13,0.13,0.13,0.14,0.13,0.15,0.16,0.14,0.14,0.13,0.13,0.12,0.15,0.20,0.18,0.16,0.18,0.16,0.14,0.13,0.13,0.13,0.13,0.14,0.12,0.12,0.12,0.12,0.12,0.13,0.13,0.12,0.11,0.11,0.13,0.13,0.13,0.15,0.15,0.21,0.21,0.21,0.21,0.21,0.22,0.22
Guinea-Bissau,0.06,0.05,0.05,0.05,0.05,0.06,0.06,0.06,0.06,0.06,0.07,0.06,0.06,0.06,0.11,0.11,0.06,0.20,0.19,0.17,0.19,0.22,0.19,0.19,0.19,0.19,0.19,0.20,0.17,0.18,0.21,0.21,0.20,0.21,0.21,0.21,0.21,0.26,0.21,0.26,0.26,0.30,0.30,0.20,0.21,0.21,0.21,0.21,0.22,0.22
Guyana,0.60,0.59,0.68,0.73,0.60,0.75,0.65,0.71,0.74,0.68,0.67,0.82,0.64,0.56,0.74,0.81,0.84,0.73,0.77,0.50,0.45,0.59,0.64,0.76,0.74,0.64,0.69,0.71,0.93,1.02,1.06,1.10,1.10,1.05,0.99,0.97,0.90,0.92,0.99,1.04,1.05,1.08,1.88,2.34,2.12,2.17,2.31,1.89,1.90,1.94
Haiti,0.11,0.11,0.11,0.11,0.12,0.12,0.16,0.16,0.16,0.16,0.15,0.13,0.15,0.16,0.16,0.16,0.15,0.16,0.17,0.17,0.16,0.15,0.14,0.12,0.05,0.14,0.16,0.19,0.19,0.19,0.19,0.20,0.22,0.21,0.24,0.24,0.24,0.27,0.27,0.25,0.24,0.24,0.22,0.23,0.29,0.32,0.32,0.32,0.33,0.32
Honduras,0.45,0.44,0.44,0.47,0.45,0.47,0.48,0.51,0.50,0.51,0.51,0.47,0.45,0.50,0.50,0.44,0.43,0.47,0.48,0.52,0.48,0.47,0.51,0.52,0.58,0.67,0.69,0.69,0.78,0.77,0.78,0.89,0.91,0.98,1.09,1.06,0.96,1.16,1.10,1.02,0.98,1.09,1.07,1.06,1.08,1.12,1.04,1.04,1.06,1.08
Hong Kong,2.46,2.43,2.47,2.45,2.75,2.66,3.00,3.37,3.47,3.13,3.13,3.30,3.50,3.94,4.23,4.35,4.86,5.22,5.71,5.86,5.91,6.33,7.02,7.36,6.17,6.10,5.80,5.30,6.52,6.88,6.17,6.27,6.04,6.41,6.11,6.14,6.25,6.46,6.28,6.71,6.08,6.56,6.45,6.57,6.80,6.19,6.25,6.11,6.05,5.88
Hungary,6.38,6.53,6.72,7.17,7.34,7.47,7.81,8.13,8.78,8.62,8.53,8.42,8.46,8.14,8.34,8.32,8.21,8.36,7.91,7.77,6.95,6.59,5.95,6.02,6.00,5.94,6.06,5.96,5.95,6.01,5.71,5.87,5.79,6.07,5.90,5.95,5.94,5.82,5.73,5.13,5.23,5.16,4.80,4.51,4.53,4.83,4.97,5.22,5.53,5.51
Iceland,9.47,9.82,10.70,12.14,11.72,10.87,10.86,11.08,11.32,11.61,10.65,10.15,8.50,8.56,9.40,8.84,8.77,8.83,9.21,9.12,9.20,8.93,8.89,9.19,9.52,9.15,10.08,9.66,9.82,9.89,10.21,10.49,10.90,10.71,10.93,10.75,10.90,11.22,12.23,12.16,11.61,11.19,11.35,11.70,11.50,11.67,11.67,12.14,12.28,11.53
India,0.42,0.41,0.42,0.41,0.43,0.45,0.47,0.46,0.40,0.43,0.43,0.47,0.48,0.50,0.54,0.55,0.58,0.61,0.64,0.67,0.69,0.73,0.74,0.76,0.79,0.83,0.85,0.88,0.88,0.93,0.94,0.94,0.96,0.97,1.03,1.07,1.12,1.20,1.25,1.38,1.43,1.49,1.58,1.62,1.73,1.75,1.75,1.81,1.89,1.90
Indonesia,0.27,0.27,0.31,0.34,0.37,0.37,0.39,0.52,0.60,0.63,0.61,0.63,0.62,0.60,0.60,0.64,0.69,0.70,0.75,0.77,0.90,0.96,0.99,1.06,1.11,1.22,1.27,1.37,1.36,1.43,1.40,1.48,1.49,1.60,1.61,1.60,1.68,1.71,1.68,1.72,1.73,1.75,1.78,1.78,1.90,1.91,1.88,2.02,2.17,2.32
Iran,2.79,2.91,3.16,3.66,3.78,3.71,4.17,4.24,4.02,3.60,2.96,2.82,3.32,3.61,3.42,3.50,3.13,3.19,3.10,3.21,3.64,3.93,4.14,4.07,4.59,4.60,4.72,4.84,4.74,5.13,5.33,5.46,5.63,5.89,6.24,6.66,7.07,7.46,7.52,7.71,7.66,7.69,7.69,7.86,8.06,7.85,7.88,8.01,8.28,8.48
Iraq,2.34,2.65,2.55,2.71,2.83,3.13,3.81,3.39,3.61,4.34,3.79,2.57,2.65,2.84,3.12,3.51,3.85,3.75,3.94,4.30,3.97,3.04,4.11,5.36,5.75,5.47,5.05,5.84,4.16,3.32,3.68,4.07,3.73,3.27,3.42,3.30,3.08,2.75,3.09,3.73,4.09,4.24,4.79,4.95,4.96,4.69,4.90,4.75,4.73,4.89
Ireland,7.15,7.90,7.66,7.40,7.87,7.28,7.34,7.71,7.53,8.71,8.27,8.11,7.96,7.79,7.75,8.17,8.42,8.87,8.63,8.92,9.22,9.35,9.30,9.32,9.61,9.67,9.97,10.24,10.81,11.06,11.50,11.88,11.41,11.08,10.98,11.23,11.22,10.80,10.44,9.13,8.93,7.96,8.08,7.79,7.74,8.06,8.38,8.06,7.91,7.54
"Israel and Palestine, State of",5.25,5.11,5.21,5.38,5.36,5.47,5.32,5.41,5.63,5.62,5.47,5.59,5.80,5.90,6.02,6.33,6.78,7.29,7.59,7.72,7.84,7.74,8.00,8.46,8.74,9.04,9.37,9.42,9.30,9.34,9.88,9.69,10.04,10.14,9.93,9.41,9.67,9.78,9.59,9.25,9.72,9.43,10.11,8.91,8.20,8.25,8.04,7.98,7.83,7.96
"Italy, San Marino and the Holy See",5.93,6.14,6.42,6.79,6.81,6.46,6.91,6.71,6.83,7.09,7.11,6.89,6.73,6.63,6.73,6.71,6.72,7.06,7.16,7.48,7.53,7.50,7.46,7.34,7.23,7.66,7.58,7.64,7.84,7.95,8.02,7.98,8.07,8.34,8.48,8.45,8.32,8.16,7.88,6.98,7.13,6.97,6.62,6.08,5.76,5.96,5.90,5.82,5.76,5.60
Jamaica,3.16,3.11,3.35,4.30,4.11,3.85,3.16,3.43,3.46,3.42,3.12,3.06,2.59,2.54,2.36,2.08,1.96,2.06,2.14,2.72,3.10,3.06,3.36,3.38,3.38,3.47,3.58,3.63,3.79,3.85,3.85,3.84,3.80,3.89,3.88,3.87,4.46,4.40,3.67,2.86,2.65,2.72,2.55,2.72,2.64,2.58,2.76,2.52,2.58,2.56
Japan,8.18,8.04,8.35,9.27,9.13,8.52,8.70,8.83,8.75,8.89,8.60,8.34,7.93,7.89,8.40,8.14,8.06,8.08,8.63,8.84,9.23,9.23,9.26,9.15,9.57,9.66,9.74,9.67,9.34,9.64,9.74,9.62,9.92,9.93,9.91,9.95,9.81,10.12,9.44,8.92,9.31,9.73,10.04,10.24,9.94,9.60,9.50,9.41,9.27,9.09
Jordan,1.60,1.53,1.23,1.35,1.42,1.53,1.78,1.80,2.12,2.20,2.71,3.01,3.06,3.40,3.57,3.51,3.58,3.85,3.56,2.80,2.87,2.72,3.05,3.00,3.00,3.04,3.04,3.06,3.05,3.00,3.04,3.00,3.16,3.05,3.35,3.46,3.39,3.40,3.17,3.09,2.87,2.78,3.06,2.87,2.93,2.81,2.74,2.85,2.73,2.81
Kazakhstan,12.29,12.08,12.77,13.75,14.49,14.94,15.61,15.53,16.41,16.41,17.13,15.71,15.03,14.66,14.14,13.58,13.33,14.19,14.41,14.20,15.19,15.86,16.22,13.92,12.66,11.34,10.08,8.89,9.24,8.53,8.71,8.55,9.47,10.43,11.14,11.73,12.96,13.53,15.82,13.95,14.82,15.61,15.18,15.88,14.84,14.18,14.44,14.38,15.33,14.92
Kenya,0.34,0.32,0.33,0.33,0.32,0.30,0.33,0.34,0.33,0.31,0.32,0.31,0.28,0.25,0.28,0.27,0.30,0.30,0.29,0.29,0.28,0.26,0.25,0.24,0.23,0.24,0.26,0.24,0.26,0.26,0.27,0.25,0.24,0.21,0.23,0.25,0.27,0.26,0.27,0.30,0.32,0.32,0.29,0.31,0.32,0.36,0.39,0.38,0.38,0.38
Kiribati,0.32,0.31,0.32,0.35,0.43,0.36,0.34,0.35,0.34,0.38,0.39,0.49,0.44,0.46,0.28,0.31,0.24,0.30,0.30,0.28,0.28,0.32,0.27,0.26,0.19,0.19,0.20,0.20,0.21,0.20,0.23,0.27,0.25,0.24,0.26,0.35,0.32,0.31,0.32,0.48,0.50,0.62,0.87,0.58,0.37,0.27,0.25,0.26,0.27,0.28
Kuwait,51.34,50.80,48.36,40.71,31.21,25.17,24.26,22.53,24.49,26.56,23.62,21.32,21.81,22.50,21.89,23.59,24.03,24.40,27.93,31.69,15.53,19.04,14.16,19.30,24.52,25.08,24.33,24.39,25.36,25.68,26.75,27.47,28.29,29.26,30.14,33.04,32.75,31.02,30.76,31.16,28.77,27.58,25.22,25.75,23.42,23.91,23.80,22.36,22.61,23.29
Kyrgyzstan,5.14,5.03,5.26,5.46,5.64,5.85,5.99,6.05,6.42,6.44,6.66,6.27,5.88,5.49,5.15,4.91,4.79,5.10,5.16,5.09,5.42,4.82,3.14,2.29,1.49,1.04,1.28,1.25,1.30,1.02,0.99,0.83,1.03,1.15,1.13,1.08,1.07,1.28,1.46,1.30,1.21,1.42,1.83,1.72,1.71,1.81,1.67,1.59,1.72,1.92
Laos,0.11,0.11,0.11,0.12,0.14,0.12,0.11,0.11,0.11,0.13,0.13,0.05,0.04,0.04,0.04,0.04,0.05,0.05,0.05,0.05,0.05,0.06,0.06,0.06,0.04,0.07,0.08,0.09,0.10,0.07,0.12,0.12,0.16,0.16,0.19,0.18,0.19,0.23,0.22,0.29,0.27,0.34,0.38,0.49,0.38,0.37,0.51,0.57,0.96,0.96
Latvia,5.75,5.71,6.10,6.44,6.51,7.07,6.99,7.29,7.31,7.68,7.66,7.98,7.93,8.01,7.91,7.86,8.04,7.98,7.99,7.81,7.56,6.93,5.56,4.75,4.24,3.77,3.85,3.69,3.60,3.37,3.17,3.36,3.37,3.51,3.57,3.66,3.93,4.16,4.01,3.71,4.30,4.04,3.98,3.92,3.86,3.92,3.93,3.99,4.14,4.38
Lebanon,2.34,2.32,2.48,2.98,2.97,2.61,2.42,2.10,2.54,2.86,2.89,2.91,2.13,2.26,2.29,2.66,2.81,2.88,2.22,2.23,2.21,2.69,2.82,3.92,4.20,4.77,4.89,5.34,5.26,5.35,4.71,4.90,4.65,4.43,4.30,4.14,3.84,3.46,4.31,5.14,4.74,4.55,4.75,4.36,4.39,4.27,4.28,4.45,4.39,4.52
Lesotho,0.07,0.07,0.07,0.07,0.07,0.07,0.07,0.07,0.07,0.08,0.08,0.07,0.07,0.07,0.06,0.07,0.07,0.09,0.04,0.07,0.06,0.07,0.06,0.06,0.06,0.06,0.06,0.07,0.06,0.06,0.09,0.09,0.08,0.09,0.09,0.09,0.09,0.12,0.12,0.10,0.26,0.12,0.12,0.32,0.34,0.32,0.32,0.33,0.33,0.33
Liberia,0.76,0.74,0.71,0.71,0.73,0.75,0.73,0.73,0.70,0.77,0.80,0.66,0.60,0.59,0.50,0.51,0.43,0.40,0.50,0.38,0.20,0.14,0.13,0.13,0.13,0.13,0.16,0.15,0.13,0.12,0.11,0.14,0.13,0.13,0.14,0.15,0.17,0.18,0.16,0.15,0.15,0.16,0.17,0.24,0.25,0.24,0.23,0.23,0.24,0.24
Libya,17.75,11.65,8.45,7.47,4.93,6.08,7.06,7.36,7.62,8.06,9.18,7.64,8.27,7.70,7.77,7.28,8.18,7.53,8.00,8.03,8.37,8.08,8.08,8.42,9.51,10.05,10.46,9.55,9.35,8.94,9.33,9.13,9.33,9.85,9.74,9.79,9.46,8.61,9.05,9.40,9.96,6.81,9.58,9.48,9.35,8.67,8.13,8.59,7.80,7.92
Lithuania,6.44,6.40,6.75,7.21,7.63,8.23,8.50,8.72,8.97,9.20,9.48,9.53,9.48,9.44,9.52,9.48,9.48,9.46,9.36,9.16,9.55,10.07,5.74,4.47,4.36,4.20,4.36,4.24,4.50,3.81,3.36,3.60,3.66,3.69,3.90,4.21,4.34,4.82,4.86,4.11,4.42,4.60,4.73,4.43,4.43,4.58,4.53,4.75,4.85,4.81
Luxembourg,54.24,50.21,48.99,52.51,48.32,38.12,40.31,38.06,41.35,38.76,36.34,30.84,28.95,27.16,29.68,30.12,29.27,27.65,28.86,30.73,30.78,31.58,30.30,30.48,27.93,22.10,21.85,20.34,18.43,19.04,20.26,21.31,22.70,23.46,26.41,26.55,25.74,23.99,23.18,21.43,22.14,21.40,20.48,19.01,17.70,16.48,15.77,15.77,16.18,16.31
Macao,1.42,1.41,1.47,1.66,2.07,1.77,1.70,1.82,1.81,2.05,2.08,2.18,1.94,2.78,2.48,2.17,2.38,2.99,2.91,2.85,2.86,2.75,2.75,2.97,2.21,2.22,2.53,2.60,2.93,2.97,2.81,3.04,3.00,2.96,4.00,3.36,3.57,3.07,2.85,2.71,2.20,2.99,4.70,2.61,1.73,1.84,1.75,1.82,1.90,1.98
Madagascar,0.10,0.10,0.10,0.10,0.10,0.10,0.10,0.10,0.10,0.10,0.11,0.09,0.07,0.09,0.08,0.09,0.06,0.11,0.11,0.07,0.06,0.07,0.07,0.07,0.07,0.08,0.08,0.08,0.07,0.07,0.09,0.10,0.11,0.11,0.12,0.12,0.11,0.12,0.10,0.09,0.10,0.14,0.15,0.17,0.16,0.16,0.16,0.16,0.17,0.16
Malawi,0.06,0.06,0.06,0.06,0.06,0.06,0.08,0.08,0.08,0.08,0.09,0.08,0.08,0.06,0.05,0.05,0.05,0.05,0.05,0.05,0.05,0.07,0.06,0.06,0.06,0.06,0.06,0.07,0.06,0.06,0.07,0.08,0.08,0.08,0.09,0.11,0.11,0.12,0.11,0.10,0.10,0.09,0.09,0.08,0.08,0.08,0.08,0.08,0.09,0.08
Malaysia,1.32,1.32,1.30,1.32,1.52,1.59,1.71,1.66,1.78,1.95,2.03,2.10,2.16,2.35,2.37,2.42,2.37,2.37,2.46,2.80,3.18,3.72,3.80,4.04,4.24,4.45,4.95,5.18,5.00,5.34,5.72,5.81,6.14,6.40,6.78,7.12,7.30,7.80,8.14,7.21,7.71,7.60,7.58,8.02,8.32,8.19,7.91,7.64,7.75,7.67
Maldives,0.09,0.09,0.09,0.10,0.12,0.10,0.09,0.09,0.09,0.10,0.10,0.10,0.09,0.09,0.28,0.32,0.30,0.33,0.32,0.29,0.29,0.28,0.28,0.53,0.56,0.93,0.95,0.75,1.01,0.95,1.37,1.41,2.37,2.59,1.89,1.51,1.85,1.99,2.12,2.31,2.42,2.97,4.13,3.49,2.09,1.96,1.84,1.88,1.93,2.02
Mali,0.04,0.04,0.04,0.04,0.05,0.05,0.05,0.05,0.04,0.05,0.05,0.06,0.04,0.04,0.04,0.05,0.04,0.05,0.03,0.05,0.05,0.05,0.05,0.05,0.04,0.04,0.04,0.05,0.05,0.05,0.05,0.05,0.04,0.04,0.04,0.04,0.04,0.04,0.04,0.04,0.04,0.04,0.04,0.05,0.05,0.05,0.05,0.05,0.05,0.05
Malta,2.23,2.23,2.77,2.66,2.43,2.19,2.45,2.57,2.96,2.87,3.15,3.53,3.99,2.95,3.95,3.43,5.43,5.64,6.07,6.52,6.45,6.12,5.95,7.61,6.75,6.36,6.17,6.50,6.18,6.22,5.45,6.32,5.87,6.55,6.52,6.81,6.48,6.81,6.37,6.06,6.31,6.21,6.57,5.74,5.67,3.99,3.29,2.39,2.38,2.41
Martinique,0.71,0.71,0.81,0.88,0.76,0.91,0.83,0.91,0.95,0.91,0.96,1.01,1.00,0.99,0.96,1.19,1.37,1.58,1.85,2.39,2.63,2.34,2.52,3.09,3.03,3.07,3.07,2.90,2.82,2.90,2.74,2.74,2.76,2.83,2.99,2.82,2.74,2.90,2.56,3.19,3.39,3.38,5.81,6.36,6.00,6.15,6.24,5.06,5.20,5.07
Mauritania,0.31,0.30,0.29,0.29,0.30,0.31,0.30,0.31,0.29,0.32,0.34,0.30,0.29,0.25,0.37,0.34,0.22,0.37,0.43,0.44,0.34,0.41,1.12,1.10,1.13,1.15,1.10,1.14,0.98,0.98,0.95,0.96,0.88,0.92,0.81,0.93,0.83,0.79,0.54,0.55,0.57,0.64,0.66,0.66,0.68,0.65,0.66,0.66,1.66,1.64
Mauritius,0.37,0.36,0.41,0.44,0.51,0.52,0.56,0.64,0.66,0.66,0.61,0.62,0.56,0.63,0.68,0.63,0.77,0.81,0.89,1.00,1.13,1.19,1.24,1.35,1.37,1.39,1.44,1.43,1.55,1.88,2.06,2.17,2.20,2.29,2.29,2.44,2.71,2.77,2.82,2.77,2.95,2.93,3.00,3.07,3.17,3.17,3.22,3.33,3.60,3.41
Mexico,2.33,2.27,2.42,2.52,2.69,2.75,2.85,2.87,3.13,3.23,3.49,3.67,3.83,3.54,3.52,3.56,3.44,3.51,3.43,3.52,3.41,3.55,3.52,3.54,3.75,3.47,3.58,3.72,3.89,3.72,3.91,3.84,3.85,3.99,4.03,4.14,4.23,4.23,4.17,4.02,4.09,4.11,4.21,4.05,3.89,3.90,3.90,3.87,3.77,3.67
Moldova,0.21,0.22,0.22,0.23,0.24,0.24,0.24,0.25,0.24,0.24,0.24,0.24,0.27,0.26,0.26,0.26,0.34,0.36,0.37,0.34,7.32,5.89,4.68,3.97,3.23,2.81,2.43,2.23,2.03,1.73,1.62,1.69,1.73,1.87,1.88,1.96,1.93,1.91,1.90,1.88,2.05,2.05,2.03,1.80,1.95,2.03,2.07,2.04,2.31,2.29
Mongolia,3.98,3.86,3.58,3.82,4.13,4.14,4.13,4.61,4.82,5.08,5.38,5.04,5.25,5.30,5.47,6.20,6.60,6.82,7.04,6.52,6.02,6.69,5.77,5.27,4.56,4.50,3.78,3.67,3.65,3.64,3.77,3.73,3.95,3.80,3.84,4.39,4.91,5.06,4.98,5.15,5.30,5.74,6.12,6.45,6.24,5.87,6.06,6.38,11.30,11.35
Morocco,0.43,0.42,0.46,0.54,0.58,0.61,0.65,0.70,0.74,0.78,0.78,0.77,0.78,0.81,0.80,0.81,0.81,0.82,0.84,0.89,0.90,0.93,0.98,0.99,1.05,1.08,1.05,1.09,1.11,1.15,1.16,1.26,1.29,1.27,1.39,1.45,1.47,1.48,1.55,1.53,1.60,1.71,1.75,1.73,1.75,1.77,1.75,1.82,1.84,2.02
Mozambique,0.35,0.34,0.31,0.32,0.29,0.25,0.24,0.23,0.20,0.18,0.21,0.18,0.17,0.15,0.13,0.12,0.12,0.12,0.12,0.12,0.09,0.07,0.08,0.09,0.08,0.08,0.08,0.08,0.08,0.08,0.09,0.10,0.11,0.13,0.14,0.13,0.13,0.15,0.14,0.15,0.15,0.17,0.16,0.17,0.20,0.24,0.31,0.29,0.29,0.29
Myanmar/Burma,0.18,0.18,0.17,0.13,0.15,0.14,0.15,0.15,0.16,0.16,0.16,0.16,0.16,0.15,0.16,0.17,0.17,0.13,0.12,0.12,0.11,0.10,0.11,0.12,0.14,0.17,0.18,0.18,0.19,0.20,0.22,0.19,0.19,0.23,0.22,0.23,0.21,0.22,0.17,0.15,0.17,0.17,0.24,0.29,0.41,0.48,0.55,0.81,0.87,0.89
Namibia,1.54,1.49,1.42,1.42,1.46,1.48,1.44,1.45,1.39,1.53,1.65,1.48,1.38,1.37,1.29,1.30,1.33,1.63,1.47,1.28,1.09,0.78,0.82,0.92,1.04,1.09,1.14,1.15,1.16,1.07,1.01,1.26,1.08,1.14,1.17,1.23,1.22,1.25,1.39,1.40,1.42,1.48,1.52,1.59,1.63,1.70,1.71,1.70,1.69,1.67
Nepal,0.02,0.02,0.03,0.04,0.04,0.03,0.03,0.03,0.03,0.04,0.04,0.04,0.04,0.05,0.05,0.04,0.05,0.05,0.05,0.04,0.06,0.07,0.07,0.08,0.09,0.10,0.10,0.11,0.11,0.14,0.14,0.15,0.12,0.14,0.12,0.13,0.11,0.11,0.12,0.15,0.18,0.20,0.23,0.22,0.25,0.23,0.32,0.38,0.49,0.50
Netherlands,10.39,10.30,11.35,11.71,10.99,10.30,10.99,10.75,11.02,11.62,11.01,10.89,10.12,9.75,10.13,10.37,10.47,10.70,10.63,10.78,10.77,11.13,10.93,11.13,11.09,11.46,12.06,11.49,11.47,11.10,11.08,11.31,11.28,11.35,11.44,11.08,10.77,10.79,10.82,10.49,11.12,10.38,10.14,10.04,9.58,9.98,9.92,9.74,9.48,9.13
New Caledonia,11.64,11.16,11.22,11.97,13.99,11.72,10.96,11.49,11.33,12.51,12.78,13.02,8.19,8.07,8.16,10.93,10.05,10.94,10.35,10.42,9.56,10.24,9.69,9.11,6.54,6.53,7.18,6.59,6.93,7.22,8.84,8.81,9.55,9.53,11.17,10.55,11.37,12.18,14.34,13.30,19.71,24.32,25.20,22.04,20.05,18.67,27.03,30.39,55.01,55.25
New Zealand,4.97,4.81,5.45,5.71,5.93,5.48,5.99,6.27,6.30,5.73,5.72,5.63,6.13,6.14,6.23,6.34,6.01,6.34,6.68,6.65,7.03,7.13,7.51,7.33,7.31,7.40,7.68,8.26,8.06,8.46,8.67,9.06,8.98,9.08,8.86,8.92,8.84,8.49,8.61,7.88,7.81,7.57,7.91,7.83,7.94,7.80,7.58,7.96,7.79,8.07
Nicaragua,0.68,0.66,0.66,0.72,0.75,0.72,0.80,0.95,0.83,0.52,0.61,0.63,0.59,0.62,0.55,0.54,0.63,0.61,0.54,0.46,0.48,0.47,0.53,0.51,0.57,0.59,0.61,0.65,0.74,0.73,0.75,0.78,0.80,0.82,0.84,0.80,0.84,0.85,0.81,0.79,0.81,0.83,0.82,0.79,0.82,0.92,0.91,0.91,0.90,0.92
Niger,0.07,0.07,0.07,0.07,0.07,0.07,0.07,0.08,0.07,0.08,0.08,0.08,0.09,0.10,0.08,0.09,0.09,0.10,0.13,0.12,0.11,0.12,0.11,0.12,0.09,0.09,0.09,0.10,0.09,0.10,0.06,0.06,0.06,0.06,0.06,0.06,0.06,0.06,0.06,0.07,0.09,0.08,0.12,0.11,0.11,0.11,0.10,0.10,0.10,0.10
Nigeria,0.52,0.75,0.95,1.11,1.37,1.01,1.16,0.99,1.01,1.40,1.22,0.97,0.91,0.88,0.87,0.88,0.84,0.77,0.86,0.85,0.78,0.83,0.88,0.84,0.76,0.82,0.93,0.89,0.79,0.76,0.82,0.84,0.75,0.80,0.76,0.72,0.63,0.56,0.59,0.51,0.57,0.58,0.54,0.52,0.49,0.49,0.49,0.49,0.50,0.50
North Korea,1.02,1.02,1.07,1.06,1.08,1.11,1.18,1.19,6.14,6.49,6.77,6.85,7.05,7.19,7.26,7.43,7.19,6.83,6.91,6.89,6.50,6.15,5.35,4.88,4.41,4.08,3.58,3.44,2.79,3.02,3.22,3.31,3.15,3.18,3.22,3.33,3.37,2.80,3.06,2.32,2.15,1.56,1.58,1.14,1.32,1.07,1.19,0.97,1.62,1.64
North Macedonia,5.29,4.91,4.97,5.75,5.87,4.61,4.95,5.10,5.00,5.60,4.98,5.17,4.53,4.21,4.75,4.97,5.09,5.07,5.33,5.34,5.61,4.98,4.42,4.55,4.42,4.39,5.15,4.62,5.04,4.62,4.45,4.52,4.25,4.60,4.48,4.71,4.71,5.02,4.91,4.41,4.43,4.94,4.63,4.23,4.01,3.85,3.74,4.00,3.73,4.28
Norway,9.49,9.10,9.82,9.91,9.47,9.26,9.72,9.94,9.58,10.24,9.79,8.92,8.06,8.01,8.46,8.64,9.19,8.85,9.05,8.80,8.79,8.13,8.71,9.15,9.57,9.55,9.58,10.06,10.38,10.68,9.52,9.58,9.40,9.95,9.98,9.53,9.58,9.70,9.67,9.26,9.56,9.16,8.91,8.66,8.65,8.81,8.61,9.14,9.09,8.89
Oman,10.13,9.79,9.45,9.13,9.19,29.29,31.02,29.37,22.99,19.62,11.16,11.81,9.74,10.50,8.55,6.35,7.24,6.78,7.29,6.97,8.60,10.03,9.13,8.28,7.47,8.52,8.87,9.10,8.85,9.95,11.17,12.40,13.03,13.44,12.94,13.14,16.31,17.10,16.26,16.65,17.26,18.77,19.42,19.02,18.92,19.02,18.23,17.99,18.80,18.55
Pakistan,0.31,0.30,0.31,0.31,0.32,0.35,0.33,0.33,0.34,0.35,0.36,0.38,0.42,0.43,0.44,0.47,0.49,0.55,0.57,0.59,0.61,0.60,0.65,0.70,0.70,0.73,0.75,0.76,0.75,0.80,0.79,0.79,0.78,0.79,0.86,0.86,0.91,1.00,0.95,0.95,0.90,0.89,0.87,0.86,0.89,0.90,0.96,1.04,1.10,1.09
Palau,173.68,171.09,168.23,165.52,163.47,162.39,162.30,163.10,164.06,164.46,163.51,163.39,158.69,160.32,172.53,136.31,145.52,149.82,140.93,144.50,142.83,138.23,123.00,122.43,178.18,136.13,124.96,138.90,122.98,128.14,110.64,121.78,73.76,87.20,76.83,87.11,84.77,68.74,69.09,106.81,103.08,115.01,173.59,87.18,60.09,56.14,53.20,55.02,56.83,59.88
Panama,1.71,1.66,1.75,1.90,1.88,1.86,1.81,1.75,1.63,1.72,1.62,1.38,1.52,1.68,1.37,1.27,1.29,1.40,1.05,1.08,1.11,1.25,1.46,1.46,1.52,1.60,1.58,1.63,1.97,1.69,1.72,2.01,1.72,1.73,1.72,2.16,2.24,2.12,2.06,2.42,2.59,2.75,2.83,2.82,2.94,2.91,2.89,2.71,2.70,2.75
Papua New Guinea,0.59,0.57,0.55,0.60,0.73,0.62,0.55,0.59,0.54,0.60,0.57,0.61,0.55,0.58,0.55,0.65,0.56,0.58,0.52,0.50,0.53,0.50,0.50,0.48,0.33,0.37,0.38,0.37,0.51,0.37,0.41,0.42,0.51,0.55,0.60,0.69,0.68,0.58,0.55,0.45,0.43,0.50,0.67,0.80,0.57,0.48,0.46,0.45,0.46,0.47
Paraguay,0.28,0.27,0.29,0.31,0.30,0.31,0.33,0.45,0.53,0.49,0.49,0.46,0.45,0.42,0.45,0.44,0.45,0.49,0.53,0.52,0.54,0.51,0.60,0.66,0.75,0.83,0.80,0.87,0.89,0.87,0.71,0.72,0.74,0.75,0.75,0.68,0.70,0.71,0.75,0.75,0.84,0.85,0.88,0.86,0.89,0.96,1.09,1.20,1.20,1.21
Peru,1.30,1.27,1.24,1.28,1.35,1.34,1.33,1.28,1.25,1.27,1.30,1.31,1.26,1.05,1.06,1.00,1.06,1.13,1.11,0.98,0.96,0.91,0.93,0.96,0.96,1.08,1.16,1.14,1.08,1.15,1.12,1.03,1.06,1.02,1.17,1.15,1.12,1.21,1.36,1.44,1.54,1.63,1.62,1.63,1.71,1.72,1.77,1.68,1.71,1.71
Philippines,0.72,0.71,0.71,0.80,0.74,0.79,0.77,0.83,0.85,0.89,0.79,0.73,0.72,0.74,0.63,0.59,0.54,0.64,0.66,0.67,0.71,0.69,0.73,0.77,0.82,0.96,0.99,1.08,1.04,0.99,0.98,0.93,0.92,0.93,0.92,0.95,0.84,0.89,0.89,0.88,0.93,0.91,0.95,1.02,1.08,1.15,1.24,1.33,1.36,1.39
Poland,9.51,9.70,10.02,10.47,10.76,11.11,11.74,12.05,12.72,12.63,12.82,11.67,11.75,11.72,12.05,12.20,12.33,12.67,12.35,11.77,9.78,9.69,9.42,9.39,9.21,9.25,9.62,9.38,8.65,8.41,8.10,8.02,7.85,8.18,8.25,8.23,8.59,8.58,8.44,8.09,8.55,8.49,8.29,8.18,7.87,7.95,8.24,8.59,8.72,8.35
Portugal,1.83,2.00,2.04,2.20,2.19,2.35,2.47,2.42,2.51,2.77,2.90,3.04,3.06,3.11,2.99,2.86,3.22,3.31,3.43,4.26,4.39,4.56,4.93,4.80,4.93,5.25,5.03,5.25,5.68,6.30,6.23,6.15,6.52,6.02,6.15,6.44,5.96,5.79,5.59,5.51,5.02,4.88,4.74,4.62,4.61,5.03,4.91,5.39,5.00,4.73
Puerto Rico,0.65,0.68,0.70,0.69,0.67,0.60,0.59,0.55,0.54,0.48,0.45,0.44,0.40,0.39,0.41,0.39,0.39,0.41,0.41,0.63,0.59,0.58,0.52,0.51,0.57,0.51,0.56,0.57,0.56,0.58,0.58,0.57,0.57,0.63,0.61,0.60,0.61,0.61,0.63,0.58,0.62,0.65,0.70,0.73,0.75,0.77,0.83,0.81,0.97,1.07
Qatar,134.39,153.35,168.85,173.60,135.55,121.26,107.36,91.60,97.98,85.81,65.18,47.74,45.63,36.71,47.94,41.69,40.84,38.87,37.80,37.95,35.69,37.03,38.34,38.87,40.49,40.91,43.67,52.24,53.61,56.63,53.59,52.37,56.04,55.55,54.16,50.22,48.21,45.49,42.27,39.49,39.23,39.25,38.85,40.10,40.38,39.20,38.57,38.26,38.79,38.82
R?union,0.85,0.84,0.84,0.86,0.89,0.92,0.92,0.94,0.89,1.00,1.05,0.98,0.93,1.12,1.17,1.20,1.26,1.65,1.76,1.77,1.65,2.08,1.91,2.31,2.36,2.31,2.31,2.48,2.74,2.77,2.75,2.88,2.80,2.91,3.03,2.99,3.02,3.20,3.33,3.54,3.56,4.11,4.29,2.91,2.96,3.10,3.17,3.25,3.32,3.40
Romania,6.34,6.30,6.45,6.95,6.95,7.43,8.03,8.32,8.93,9.08,8.91,8.90,8.81,8.86,8.73,8.65,8.87,9.14,9.28,9.05,7.97,6.49,5.86,5.51,5.42,5.72,5.92,5.47,4.84,4.17,4.39,4.69,4.70,4.99,4.92,4.89,5.13,5.06,5.02,4.13,4.05,4.39,4.30,3.93,3.93,4.00,3.93,4.12,4.11,4.04
Russia,10.10,10.06,10.49,11.02,11.50,12.23,12.56,12.76,13.46,13.53,13.82,13.69,13.84,13.90,13.93,14.02,14.32,14.55,14.78,14.73,16.22,15.94,14.70,13.40,12.06,11.78,11.50,10.75,10.80,11.15,11.44,11.54,11.51,12.01,12.04,12.07,12.35,12.38,12.28,11.56,12.10,12.69,12.55,12.15,12.01,12.03,11.88,12.07,12.54,12.45
Rwanda,0.02,0.02,0.02,0.02,0.02,0.02,0.02,0.02,0.02,0.02,0.02,0.05,0.04,0.05,0.07,0.08,0.08,0.10,0.09,0.08,0.07,0.09,0.09,0.09,0.09,0.09,0.09,0.09,0.08,0.08,0.08,0.08,0.07,0.08,0.08,0.08,0.08,0.07,0.08,0.08,0.08,0.09,0.09,0.08,0.08,0.08,0.09,0.09,0.09,0.09
"Saint Helena, Ascension and Tristan da Cunha",0.57,0.56,0.45,0.49,0.52,0.45,0.35,0.64,0.54,0.57,0.61,0.38,0.34,0.54,0.47,0.53,0.58,0.82,0.91,0.93,1.72,0.99,0.95,1.20,1.04,1.10,0.66,0.73,0.73,0.79,2.19,1.51,1.57,1.74,2.06,2.27,2.03,2.38,2.49,2.54,2.75,2.89,2.96,3.64,3.66,3.71,3.82,3.93,3.93,3.87
Saint Kitts and Nevis,0.34,0.34,0.40,0.43,0.36,0.45,0.40,0.45,0.47,0.44,0.44,0.50,0.54,0.45,0.51,0.56,0.61,0.72,0.87,0.84,0.84,0.98,0.97,0.92,0.89,0.87,0.87,0.82,0.80,0.83,0.78,0.76,0.75,1.46,1.48,1.30,1.86,2.53,2.56,2.64,2.78,2.71,4.68,4.78,4.33,4.37,4.38,3.49,3.56,3.44
Saint Lucia,0.39,0.39,0.45,0.48,0.40,0.49,0.43,0.47,0.48,0.44,0.43,0.23,0.42,0.22,0.24,0.50,0.53,0.57,0.59,0.56,0.55,0.58,0.85,0.54,0.79,0.78,0.78,0.73,0.70,0.72,1.11,1.10,1.08,1.28,1.10,0.97,0.93,1.13,1.14,1.18,1.24,1.22,2.12,2.18,2.00,2.05,2.07,1.66,1.70,1.65
Saint Pierre and Miquelon,7.27,7.15,8.16,8.81,7.17,8.97,7.86,8.66,8.96,8.38,8.30,8.82,8.25,8.31,9.35,10.14,10.86,17.80,18.41,23.49,23.56,18.78,18.85,11.97,11.83,5.85,5.92,4.68,5.33,5.58,5.51,5.49,5.46,5.46,5.63,4.98,4.83,4.99,5.07,5.32,5.65,5.60,9.78,10.11,12.18,11.96,12.08,9.69,9.97,9.72
Saint Vincent and the Grenadines,0.13,0.13,0.15,0.16,0.13,0.17,0.15,0.16,0.16,0.15,0.15,0.15,0.15,0.15,0.15,0.19,0.20,0.23,0.29,0.36,0.35,0.38,0.38,0.36,0.70,0.69,0.70,0.67,0.66,0.69,0.65,0.65,0.96,0.96,0.98,0.87,0.85,0.87,0.89,0.93,0.99,0.98,1.70,1.75,1.59,1.63,1.65,1.32,1.36,1.32
Samoa,0.34,0.33,0.34,0.38,0.47,0.39,0.37,0.39,0.38,0.43,0.44,0.48,0.86,0.90,0.76,0.84,0.72,0.81,0.82,0.77,0.79,0.78,0.79,0.77,0.54,0.56,0.58,0.58,0.63,0.60,0.63,0.66,0.61,0.59,0.66,0.67,0.61,0.57,0.62,0.59,0.64,0.80,1.13,1.00,0.69,0.65,0.61,0.64,0.66,0.70
S?o Tom? and Pr?ncipe,0.24,0.23,0.22,0.22,0.23,0.24,0.23,0.23,0.22,0.24,0.26,0.23,0.22,0.22,0.21,0.22,0.23,0.29,0.27,0.24,0.41,0.49,0.43,0.42,0.41,0.42,0.42,0.44,0.39,0.39,0.38,0.37,0.36,0.37,0.38,0.37,0.71,0.38,0.74,0.76,0.76,0.87,0.89,0.72,0.74,0.74,0.74,0.75,0.74,0.75
Saudi Arabia,8.06,9.53,11.87,15.37,15.37,11.98,14.15,14.50,14.67,16.52,19.25,16.79,16.12,15.06,10.65,10.24,9.72,10.06,10.47,10.16,10.60,10.51,10.95,11.20,11.86,11.51,11.97,11.88,12.37,12.39,12.73,12.89,13.32,13.51,13.87,14.21,14.64,15.03,15.93,16.38,17.44,17.68,18.26,18.08,18.78,19.14,18.62,18.48,18.04,18.00
Senegal,0.32,0.31,0.32,0.33,0.35,0.37,0.38,0.39,0.37,0.40,0.41,0.39,0.36,0.35,0.36,0.37,0.34,0.33,0.31,0.32,0.32,0.31,0.33,0.31,0.31,0.32,0.34,0.36,0.39,0.42,0.41,0.45,0.46,0.43,0.48,0.52,0.49,0.53,0.53,0.53,0.55,0.57,0.54,0.56,0.55,0.56,0.58,0.58,0.59,0.59
Serbia and Montenegro,2.87,2.86,2.90,3.15,3.30,3.44,3.61,3.78,4.06,4.28,4.22,4.94,5.13,5.58,5.75,6.02,6.26,5.97,6.24,6.22,6.55,5.44,4.97,4.33,3.96,4.46,5.23,5.74,5.79,4.16,5.03,5.45,5.84,6.24,6.74,6.26,6.53,6.39,6.34,5.96,6.19,6.67,5.94,6.06,5.17,6.03,6.20,6.21,6.31,7.55
Seychelles,2.11,2.05,1.98,1.97,2.04,2.09,2.04,2.06,1.97,2.18,2.35,2.12,1.33,2.68,2.57,2.65,2.83,4.50,5.09,5.39,4.07,5.58,4.88,4.75,4.70,4.79,4.85,5.88,5.16,5.27,5.08,5.08,7.36,7.64,7.77,7.64,10.07,8.74,10.10,11.34,10.14,11.87,12.33,9.34,9.26,9.47,9.70,9.97,10.36,10.98
Sierra Leone,0.15,0.15,0.15,0.15,0.15,0.16,0.15,0.15,0.15,0.16,0.17,0.16,0.15,0.15,0.14,0.15,0.17,0.23,0.22,0.20,0.17,0.22,0.13,0.13,0.14,0.15,0.17,0.17,0.15,0.16,0.16,0.17,0.16,0.17,0.20,0.09,0.12,0.10,0.10,0.11,0.11,0.13,0.13,0.16,0.16,0.17,0.17,0.17,0.17,0.18
Singapore,3.19,3.14,3.69,4.03,4.14,4.10,4.41,4.83,5.47,5.80,5.73,6.08,6.20,6.56,6.49,6.96,6.91,6.89,7.66,7.97,10.48,10.75,10.71,11.97,12.25,11.83,11.86,11.52,10.86,10.75,11.55,11.22,10.82,9.92,10.11,9.56,9.53,9.58,9.41,9.43,10.05,10.37,10.08,10.00,9.59,9.27,9.24,9.33,9.09,9.09
Slovakia,8.47,8.40,8.48,8.73,8.82,9.03,9.10,9.36,11.70,11.80,12.45,12.07,11.61,11.48,11.83,11.70,11.10,11.42,11.54,11.42,11.45,9.89,9.21,8.90,8.40,8.47,8.49,8.50,8.30,8.22,7.84,7.79,7.72,7.77,7.71,7.81,7.70,7.57,7.56,6.84,7.39,7.01,6.72,6.74,6.27,6.37,6.52,6.96,7.01,6.60
Slovenia,5.94,5.87,5.90,6.47,6.80,6.39,6.53,6.76,7.26,7.62,7.11,7.08,7.12,7.73,6.88,6.79,7.09,6.17,8.22,8.75,8.29,7.66,7.66,7.90,7.99,8.00,8.41,8.56,8.42,8.08,7.89,8.83,8.98,8.91,9.08,9.18,9.32,9.25,9.68,8.66,8.75,8.17,7.91,7.90,7.23,7.28,7.63,7.60,7.66,7.38
Solomon Islands,0.31,0.30,0.30,0.33,0.39,0.32,0.29,0.30,0.28,0.31,0.31,0.63,0.56,0.58,0.47,0.51,0.43,0.47,0.46,0.43,0.43,0.41,0.41,0.39,0.28,0.28,0.28,0.28,0.29,0.27,0.41,0.42,0.38,0.37,0.40,0.40,0.36,0.33,0.35,0.33,0.35,0.43,0.59,0.35,0.22,0.21,0.20,0.21,0.21,0.22
Somalia,0.18,0.18,0.18,0.18,0.19,0.19,0.17,0.15,0.13,0.14,0.14,0.14,0.13,0.13,0.13,0.13,0.15,0.14,0.13,0.11,0.09,0.06,0.06,0.06,0.06,0.06,0.06,0.06,0.05,0.05,0.06,0.06,0.06,0.06,0.06,0.07,0.08,0.07,0.07,0.06,0.07,0.08,0.08,0.06,0.06,0.06,0.06,0.06,0.06,0.06
South Africa,8.11,7.84,7.90,8.37,8.41,8.80,9.10,8.86,7.86,7.86,8.14,8.38,8.37,8.23,8.55,8.49,8.24,8.52,8.44,8.18,8.32,7.92,7.57,7.43,7.44,7.67,7.79,8.00,8.01,7.52,7.55,7.66,7.84,8.22,8.76,8.87,8.86,9.15,9.64,8.92,9.01,8.53,8.71,8.80,8.89,8.64,8.51,8.49,8.49,8.52
South Korea,1.95,1.93,1.95,2.36,2.43,2.59,2.85,3.19,3.32,3.71,3.72,3.84,3.77,4.04,4.49,4.65,4.78,4.87,5.45,5.67,6.31,6.82,7.18,7.79,8.30,8.93,9.42,9.83,8.33,9.04,10.21,10.43,10.28,10.30,10.66,10.60,10.70,10.88,11.05,11.16,12.06,12.62,12.62,12.48,12.34,12.63,12.70,12.85,13.16,12.70
Spain and Andorra,4.21,4.07,4.38,4.69,4.99,5.10,5.54,5.27,5.16,5.43,5.66,5.76,5.55,5.61,5.30,5.10,5.18,5.20,5.29,5.76,5.86,6.04,6.24,5.85,6.10,6.40,6.13,6.59,6.79,7.30,7.63,7.54,7.86,7.91,8.17,8.38,8.05,8.22,7.42,6.49,6.16,6.19,6.09,5.51,5.51,5.85,5.65,6.00,5.86,5.58
Sri Lanka,0.25,0.25,0.29,0.30,0.25,0.22,0.22,0.23,0.27,0.29,0.28,0.28,0.32,0.32,0.28,0.25,0.24,0.27,0.26,0.24,0.25,0.25,0.31,0.30,0.34,0.34,0.48,0.48,0.49,0.54,0.61,0.60,0.62,0.67,0.69,0.74,0.66,0.72,0.68,0.65,0.68,0.80,0.87,0.75,0.89,1.04,1.11,1.21,1.21,1.31
Sudan and South Sudan,0.25,0.24,0.25,0.32,0.29,0.22,0.21,0.21,0.18,0.18,0.21,0.19,0.19,0.19,0.17,0.19,0.18,0.14,0.19,0.17,0.22,0.19,0.17,0.12,0.17,0.16,0.15,0.18,0.15,0.17,0.18,0.19,0.22,0.22,0.24,0.28,0.33,0.35,0.36,0.37,0.38,0.35,0.37,0.36,0.35,0.38,0.42,0.40,0.40,0.40
Suriname,2.04,2.03,2.24,2.51,2.14,2.56,2.34,2.56,2.69,2.54,2.49,2.50,2.09,1.47,1.38,1.78,1.85,1.64,1.78,1.97,2.23,2.19,2.07,1.93,1.88,1.94,1.88,1.85,1.78,1.74,3.15,3.18,2.30,2.53,2.82,3.38,3.03,2.76,2.82,2.78,3.27,3.43,3.83,3.72,3.73,3.84,3.53,3.54,3.54,3.59
Sweden,11.97,11.03,11.00,11.22,10.32,10.48,11.28,10.81,10.13,10.45,9.54,8.64,7.91,7.23,7.16,7.62,7.78,7.53,7.26,6.89,6.78,6.83,7.03,6.96,7.18,7.13,7.72,7.03,7.15,7.00,6.57,6.56,6.70,6.75,6.55,6.18,6.08,5.78,5.52,5.07,5.68,5.18,4.81,4.58,4.55,4.53,4.54,4.48,4.37,4.45
Switzerland and Liechtenstein,6.71,6.97,7.03,7.55,6.76,6.36,6.64,6.73,6.93,6.74,6.86,6.48,6.10,6.71,6.59,7.05,6.99,6.71,6.68,6.61,6.73,7.01,6.93,6.51,6.31,6.37,6.41,6.20,6.39,6.41,6.27,6.43,6.17,6.31,6.34,6.36,6.25,5.92,6.04,5.79,5.93,5.34,5.44,5.49,4.98,4.84,4.84,4.69,4.51,4.57
Syria,1.00,0.97,0.90,0.83,1.09,1.23,1.37,1.45,1.44,1.77,1.60,1.74,1.99,2.28,2.46,2.15,2.17,2.66,2.54,2.37,2.65,2.82,2.72,2.72,2.78,2.81,2.94,2.85,2.95,2.82,2.79,2.74,2.68,2.64,2.69,3.21,3.28,3.31,3.28,3.01,2.97,2.70,2.19,1.65,1.57,1.55,1.50,1.58,1.54,1.58
Taiwan,2.46,2.42,2.67,2.91,2.80,2.97,3.45,3.65,4.06,4.22,4.56,4.13,4.02,4.22,4.26,4.17,4.76,4.96,5.69,6.09,6.12,6.50,6.84,7.26,7.61,7.97,8.36,8.95,9.38,9.71,10.52,10.68,11.00,11.36,11.68,11.93,12.18,12.28,11.72,11.06,11.76,11.70,11.31,11.41,11.42,11.35,11.62,12.08,12.10,11.65
Tajikistan,2.58,2.51,2.57,2.61,2.66,2.79,2.78,2.78,2.77,2.76,2.81,2.73,2.66,2.62,2.51,2.54,2.55,2.51,2.47,2.42,2.32,2.17,1.58,1.04,0.64,0.53,0.47,0.51,0.54,0.50,0.45,0.44,0.44,0.44,0.51,0.48,0.51,0.58,0.52,0.42,0.41,0.40,0.47,0.41,0.58,0.62,0.75,0.79,0.83,0.96
Tanzania,0.12,0.11,0.13,0.13,0.11,0.10,0.10,0.10,0.10,0.10,0.09,0.09,0.08,0.08,0.08,0.08,0.08,0.08,0.08,0.08,0.08,0.09,0.08,0.08,0.07,0.10,0.11,0.10,0.09,0.08,0.09,0.09,0.10,0.11,0.14,0.15,0.15,0.14,0.14,0.13,0.16,0.19,0.22,0.22,0.22,0.24,0.22,0.22,0.22,0.22
Thailand,0.49,0.48,0.53,0.58,0.56,0.56,0.62,0.68,0.73,0.76,0.78,0.76,0.72,0.78,0.84,0.93,0.94,1.07,1.20,1.37,1.65,1.80,1.95,2.19,2.43,2.72,3.03,3.05,2.66,2.75,2.73,2.84,2.99,3.10,3.37,3.46,3.49,3.57,3.60,3.48,3.66,3.63,3.88,4.03,3.95,4.00,3.95,3.96,4.04,3.97
The Gambia,0.17,0.16,0.16,0.16,0.16,0.16,0.16,0.16,0.15,0.17,0.18,0.16,0.15,0.14,0.13,0.13,0.14,0.24,0.22,0.19,0.16,0.19,0.16,0.15,0.15,0.15,0.15,0.16,0.14,0.14,0.17,0.17,0.16,0.17,0.17,0.16,0.20,0.24,0.24,0.24,0.28,0.27,0.28,0.26,0.25,0.26,0.26,0.26,0.26,0.27
Timor-Leste,0.16,0.16,0.16,0.17,0.21,0.18,0.17,0.19,0.19,0.22,0.23,0.25,0.23,0.23,0.19,0.20,0.17,0.19,0.19,0.17,0.17,0.17,0.16,0.16,0.11,0.11,0.11,0.12,0.20,0.31,0.39,0.27,0.23,0.21,0.45,0.26,0.29,0.34,0.24,0.24,0.23,0.28,0.55,0.55,0.36,0.32,0.29,0.29,0.28,0.28
Togo,0.17,0.17,0.19,0.16,0.15,0.17,0.14,0.19,0.20,0.21,0.19,0.18,0.20,0.14,0.15,0.14,0.19,0.20,0.19,0.19,0.20,0.18,0.14,0.10,0.18,0.18,0.26,0.19,0.23,0.28,0.25,0.22,0.23,0.27,0.25,0.23,0.21,0.20,0.26,0.43,0.39,0.35,0.32,0.33,0.33,0.33,0.33,0.34,0.34,0.35
Tonga,0.25,0.24,0.25,0.28,0.35,0.29,0.27,0.28,0.28,0.31,0.32,0.50,0.43,0.49,0.41,0.47,0.41,0.67,0.70,0.66,0.68,0.67,0.68,0.67,0.95,0.98,1.02,1.02,1.12,1.06,1.11,1.17,1.08,1.05,1.17,1.19,1.08,1.51,1.63,1.58,1.69,2.13,3.03,1.80,1.10,1.08,1.03,1.07,1.10,1.16
Trinidad and Tobago,6.71,6.60,6.63,6.80,6.52,5.83,6.65,7.31,7.61,7.49,7.98,8.34,9.28,9.66,9.94,9.93,9.82,10.01,10.64,10.55,10.36,10.49,10.73,10.12,10.88,10.75,11.71,11.97,13.26,14.06,14.63,16.46,17.95,20.61,22.08,23.93,27.52,27.18,28.55,26.10,29.15,28.99,25.39,26.72,27.66,27.00,23.96,24.70,23.76,23.81
Tunisia,0.84,0.82,0.91,0.89,0.96,0.96,1.00,1.10,1.19,1.37,1.48,1.48,1.40,1.58,1.60,1.61,1.62,1.60,1.66,1.76,1.79,1.80,1.87,1.91,1.89,1.89,1.92,1.96,2.02,2.10,2.18,2.25,2.21,2.17,2.27,2.31,2.37,2.42,2.45,2.42,2.63,2.47,2.62,2.59,2.71,2.72,2.61,2.65,2.68,2.72
Turkey,1.32,1.41,1.59,1.69,1.71,1.81,1.96,2.11,2.03,1.84,1.88,1.84,1.94,2.00,2.07,2.20,2.34,2.53,2.41,2.60,2.78,2.79,2.84,2.89,2.83,3.03,3.25,3.37,3.35,3.27,3.60,3.22,3.34,3.46,3.51,3.62,3.98,4.31,4.29,4.16,4.27,4.48,4.64,4.39,4.60,4.66,4.88,5.32,5.15,5.01
Turkmenistan,7.90,7.69,7.95,8.16,8.39,8.91,9.16,9.28,9.40,9.54,9.96,10.15,10.34,10.53,10.77,11.10,11.20,11.30,11.33,11.32,12.39,10.22,7.32,6.77,8.32,8.24,7.37,7.21,7.40,8.64,8.71,8.97,9.49,10.49,10.91,11.14,11.41,12.44,12.55,10.90,12.11,12.91,13.49,13.49,13.43,13.56,13.29,13.03,14.16,15.23
Turks and Caicos Islands,0.67,0.65,0.73,0.78,0.62,0.76,0.65,0.71,0.72,0.65,0.63,0.64,0.57,0.55,0.59,0.62,0.64,0.68,0.68,0.63,0.60,0.61,0.58,0.52,0.48,0.45,0.44,0.40,0.42,0.42,0.72,0.67,0.62,0.57,0.55,0.21,0.18,1.09,2.15,2.20,3.43,3.32,5.67,5.74,4.91,4.81,4.80,3.80,3.85,3.70
Uganda,0.05,0.05,0.05,0.05,0.05,0.05,0.05,0.04,0.04,0.04,0.05,0.03,0.03,0.03,0.03,0.03,0.03,0.04,0.05,0.04,0.04,0.05,0.04,0.04,0.04,0.04,0.04,0.05,0.05,0.05,0.05,0.05,0.05,0.06,0.06,0.06,0.06,0.07,0.12,0.11,0.11,0.12,0.13,0.12,0.12,0.12,0.12,0.12,0.12,0.12
Ukraine,10.74,10.66,11.17,11.91,12.41,12.57,13.45,13.48,14.97,15.18,15.51,14.82,14.90,15.07,15.12,15.09,15.63,16.34,16.41,16.38,15.22,14.36,12.62,11.03,9.16,9.07,7.81,7.56,7.28,7.33,7.33,7.38,7.46,8.00,7.66,7.56,7.62,7.79,7.51,6.26,6.74,7.15,7.01,6.79,5.90,4.79,5.04,4.39,4.61,4.48
United Arab Emirates,82.54,91.11,83.30,90.15,76.31,66.10,70.39,61.27,61.69,39.76,39.45,33.94,32.01,29.38,37.93,37.26,34.14,33.38,30.82,32.44,30.60,32.86,29.97,29.87,31.18,31.63,31.47,31.26,30.49,29.84,28.01,30.38,29.49,29.06,28.13,26.73,24.27,22.68,23.84,21.56,20.78,20.32,20.87,21.71,21.77,22.05,22.36,22.62,22.62,22.99
United Kingdom,12.30,12.11,11.70,12.25,11.47,11.09,11.18,11.36,11.36,11.99,10.91,10.56,10.31,10.15,9.84,10.29,10.50,10.58,10.57,10.29,10.28,10.40,10.13,9.84,9.72,9.56,9.84,9.40,9.40,9.30,9.38,9.57,9.27,9.46,9.41,9.31,9.24,8.98,8.64,7.74,7.94,7.25,7.58,7.30,6.65,6.36,5.96,5.74,5.61,5.45
United States,22.36,21.52,22.50,23.17,22.20,21.03,22.16,22.69,22.45,22.41,21.21,20.72,19.48,19.21,19.91,19.83,19.48,19.93,20.65,20.68,20.06,19.70,19.83,20.09,20.20,20.17,20.49,20.87,20.67,20.49,20.98,20.57,20.11,20.19,20.30,20.16,19.62,19.73,18.93,17.40,18.04,17.49,16.80,16.91,17.04,16.41,15.99,15.67,16.05,15.52
Uruguay,1.93,1.92,2.08,1.97,1.90,2.02,2.07,2.03,2.05,2.21,1.97,1.76,1.62,1.29,1.16,1.07,1.05,1.17,1.49,1.59,1.25,1.41,1.54,1.45,1.35,1.47,1.70,1.72,1.77,2.07,1.65,1.52,1.40,1.39,1.73,1.66,1.94,1.79,2.34,2.38,1.90,2.28,2.59,2.23,1.98,1.98,1.97,1.84,1.85,1.89
Uzbekistan,4.05,3.95,4.07,4.20,4.35,4.71,4.66,4.72,4.76,4.79,4.99,5.09,5.17,5.20,5.25,5.36,5.44,5.50,5.51,5.46,6.02,6.04,5.53,5.41,5.08,4.45,4.43,4.43,4.96,4.93,4.87,4.89,5.04,4.78,4.62,4.39,4.44,4.38,4.32,3.85,3.76,3.99,4.02,3.55,3.53,3.40,2.99,2.94,3.02,2.90
Vanuatu,1.12,1.09,1.11,1.21,1.45,1.18,1.08,1.11,1.07,1.18,1.18,1.25,1.12,0.59,0.96,1.04,0.88,0.96,0.95,0.88,0.89,0.43,0.40,0.38,0.27,0.27,0.28,0.27,0.29,0.27,0.31,0.32,0.29,0.28,0.30,0.30,0.27,0.48,0.26,0.48,0.51,0.62,0.87,0.51,0.30,0.29,0.28,0.28,0.29,0.30
Venezuela,4.95,4.69,4.63,5.13,4.92,4.55,4.73,4.76,4.98,5.50,5.85,5.76,5.66,5.45,5.35,5.24,5.16,5.01,4.95,5.14,5.16,4.98,4.98,5.18,5.09,5.40,5.65,5.79,5.75,5.20,5.42,5.60,5.39,5.29,5.48,5.70,5.49,5.32,6.32,6.26,6.52,5.80,6.66,6.22,6.12,5.41,4.91,4.26,3.79,3.36
Vietnam,0.31,0.30,0.32,0.31,0.21,0.21,0.13,0.14,0.29,0.29,0.30,0.30,0.32,0.33,0.33,0.32,0.35,0.38,0.36,0.30,0.30,0.30,0.30,0.35,0.40,0.46,0.50,0.57,0.63,0.64,0.70,0.76,0.89,0.94,1.09,1.18,1.20,1.32,1.44,1.59,1.75,1.73,1.71,1.76,1.91,2.19,2.31,2.29,2.67,3.13
Western Sahara,0.95,0.96,0.99,1.05,1.12,1.11,0.97,0.84,0.70,0.69,0.69,0.59,0.81,0.80,0.76,0.76,0.79,0.97,0.88,0.77,0.66,0.76,0.66,0.63,0.62,0.62,0.61,0.64,0.54,0.54,0.66,0.62,0.57,0.56,0.54,0.52,0.50,0.53,0.52,0.55,0.55,0.64,0.66,0.53,0.47,0.48,0.48,0.49,0.50,0.51
Yemen,0.24,0.24,0.28,0.34,0.33,0.31,0.36,0.36,0.38,0.39,0.48,0.47,0.51,0.54,0.53,0.54,0.55,0.58,0.60,0.60,0.57,0.69,0.70,0.60,0.67,0.71,0.70,0.73,0.76,0.83,0.87,0.90,0.88,0.99,1.01,1.06,1.07,1.11,1.12,1.19,1.11,0.92,0.85,1.09,1.00,0.52,0.39,0.37,0.36,0.37
Zambia,0.88,0.88,0.94,0.98,0.95,0.95,0.92,0.81,0.74,0.65,0.63,0.56,0.52,0.49,0.47,0.45,0.45,0.43,0.46,0.46,0.37,0.37,0.36,0.32,0.26,0.25,0.21,0.26,0.23,0.19,0.18,0.18,0.19,0.20,0.20,0.20,0.19,0.14,0.14,0.15,0.16,0.18,0.25,0.25,0.28,0.28,0.30,0.42,0.43,0.41
Zimbabwe,1.86,1.79,1.65,1.85,1.74,1.48,1.59,1.40,1.30,1.30,1.35,1.25,1.15,1.09,1.11,1.23,1.37,1.68,1.57,1.55,1.69,1.81,1.78,1.60,1.47,1.42,1.35,1.24,1.24,1.38,1.19,1.19,1.06,0.86,0.81,0.88,0.81,0.78,0.59,0.56,0.71,0.83,0.85,0.84,0.81,0.80,0.70,0.65,0.70,0.63
,,,,,,,,,,,,,,,,,,,,,,,,,,,,,,,,,,,,,,,,,,,,,,,,,,
EU27+UK,9.52,9.47,9.69,10.12,9.84,9.55,10.07,10.01,10.26,10.62,10.27,9.82,9.54,9.45,9.45,9.52,9.53,9.61,9.57,9.54,9.24,9.11,8.75,8.56,8.50,8.59,8.80,8.60,8.57,8.43,8.46,8.57,8.49,8.68,8.66,8.58,8.58,8.45,8.23,7.55,7.78,7.46,7.36,7.17,6.81,6.88,6.84,6.85,6.74,6.47
GLOBAL TOTAL,4.26,4.16,4.28,4.45,4.35,4.26,4.42,4.47,4.55,4.60,4.46,4.30,4.18,4.13,4.18,4.16,4.16,4.21,4.29,4.29,4.26,4.21,4.13,4.09,4.07,4.13,4.15,4.15,4.12,4.10,4.18,4.18,4.20,4.34,4.49,4.60,4.70,4.82,4.79,4.67,4.89,4.98,4.98,4.98,4.97,4.91,4.87,4.88,4.94,4.93
