"Supplementary Table 3 - GHG food system emissions (Mt CO2eq, GWP-100 AR5), including LULUC. ",,,,,,,,,,,,,,,,,,,,,,,,,,,,
,,,,,,,,,,,,,,,,,,,,,,,,,,,,
Country_code_A3,Name,1990,1991,1992,1993,1994,1995,1996,1997,1998,1999,2000,2001,2002,2003,2004,2005,2006,2007,2008,2009,2010,2011,2012,2013,2014,2015,
ABW,Aruba,0.038,0.043,0.045,0.046,0.048,0.054,0.045,0.058,0.070,0.089,0.084,0.089,0.084,0.084,0.092,0.085,0.084,0.080,0.081,0.083,0.085,0.080,0.125,0.138,0.137,0.138,
AFG,Afghanistan,10.443,10.666,10.806,11.004,11.286,11.795,13.112,14.205,15.025,16.080,14.245,12.518,15.120,15.652,15.778,15.706,15.849,16.264,17.731,18.457,20.652,20.976,20.754,20.949,21.377,20.847,
AGO,Angola,116.006,116.681,117.052,116.336,116.748,117.349,126.075,121.101,133.450,125.711,124.145,102.707,119.226,125.497,139.574,138.653,109.971,131.858,110.218,113.715,116.410,148.244,115.829,129.858,112.491,133.207,
AIA,Anguilla,0.003,0.003,0.003,0.003,0.004,0.004,0.004,0.004,0.004,0.004,0.004,0.005,0.004,0.004,0.004,0.005,0.005,0.005,0.005,0.006,0.006,0.007,0.007,0.007,0.007,0.007,
AIR,Int. Aviation,1.325,1.287,1.330,1.355,1.428,1.484,1.544,1.626,1.683,1.752,1.819,1.779,1.886,1.881,2.030,2.162,2.238,2.305,2.333,2.224,2.340,2.420,2.454,2.506,2.579,2.708,
ALB,Albania,4.398,4.012,3.880,4.092,4.945,4.861,4.570,4.432,4.344,5.024,5.101,4.576,4.684,4.722,4.518,4.335,4.937,5.025,4.437,4.324,4.582,4.699,4.544,4.380,4.790,5.018,
ANT,Netherlands Antilles,0.378,0.385,0.405,0.372,0.394,0.416,0.423,0.450,0.589,0.790,0.741,0.753,0.668,0.635,0.671,0.638,0.608,0.676,0.765,0.740,0.778,0.853,0.947,0.897,0.891,0.903,
ARE,United Arab Emirates,7.209,7.724,8.089,8.686,9.115,9.637,9.925,9.867,9.526,10.053,10.593,11.139,11.606,13.052,13.663,14.608,15.799,15.941,18.019,17.769,18.271,18.774,20.505,22.218,22.933,23.205,
ARG,Argentina,307.817,306.188,309.698,310.102,314.697,315.614,309.649,306.253,305.839,310.692,307.564,324.390,339.649,357.256,374.902,367.496,365.642,357.970,365.245,354.910,332.180,324.315,337.580,331.618,332.974,328.938,
ARM,Armenia,4.584,3.955,3.131,2.352,2.196,2.184,2.189,2.218,2.086,2.081,2.175,2.218,2.289,2.408,2.707,2.744,3.177,3.316,3.347,3.173,3.157,2.789,2.957,3.013,3.457,3.550,
ASM,American Samoa,0.025,0.025,0.026,0.026,0.026,0.026,0.027,0.027,0.027,0.027,0.027,0.028,0.028,0.028,0.028,0.028,0.028,0.028,0.027,0.027,0.027,0.027,0.027,0.027,0.027,0.027,
ATG,Antigua and Barbuda,0.099,0.102,0.103,0.103,0.108,0.109,0.109,0.110,0.117,0.129,0.127,0.132,0.131,0.137,0.140,0.141,0.124,0.126,0.127,0.131,0.111,0.111,0.146,0.139,0.136,0.141,
AUS,Australia,185.579,184.811,181.999,181.290,183.778,182.310,187.552,192.595,193.690,195.857,196.437,280.068,279.829,286.314,274.774,277.692,428.256,420.119,413.917,424.685,416.792,208.776,200.995,206.917,201.653,195.485,
AUT,Austria,22.774,22.979,22.439,22.319,22.067,22.048,22.361,22.772,22.813,22.724,23.078,22.347,22.987,23.521,23.059,22.920,22.599,22.609,22.606,21.793,22.416,22.202,21.728,21.772,21.646,21.537,
AZE,Azerbaijan,18.943,16.184,15.354,12.545,11.499,11.110,10.669,10.718,10.151,10.172,10.894,11.117,11.404,11.858,12.204,13.251,13.047,14.662,16.406,16.768,16.440,16.965,17.721,18.151,18.280,18.121,
BDI,Burundi,10.901,10.920,10.928,10.885,10.721,10.893,10.292,10.462,10.564,10.350,10.562,8.779,9.747,10.071,9.338,8.781,7.664,7.271,8.023,8.476,8.620,8.493,8.283,8.966,8.624,8.619,
BEL,Belgium,30.756,30.985,31.251,31.190,32.755,33.496,34.430,33.545,32.964,33.291,33.784,32.520,31.790,32.770,33.073,31.852,31.739,31.661,31.787,30.648,32.454,32.350,31.896,31.575,31.773,32.262,
BEN,Benin,17.635,17.760,17.838,17.880,18.162,17.942,18.896,18.935,19.681,19.678,19.565,14.906,15.099,15.167,15.381,15.535,15.772,15.984,16.105,16.361,16.472,16.604,16.838,17.057,17.054,17.285,
BFA,Burkina Faso,20.292,20.686,20.940,21.181,21.419,21.735,23.070,23.374,24.174,24.048,24.439,23.614,24.115,27.144,27.768,28.025,30.019,30.388,31.038,31.558,32.118,32.544,33.091,33.653,34.117,34.653,
BGD,Bangladesh,144.111,142.366,142.576,140.867,141.278,143.327,142.914,143.106,141.260,145.320,145.107,145.989,148.056,149.660,149.854,152.375,155.986,157.249,163.942,164.180,168.321,170.062,169.711,170.353,171.803,174.885,
BGR,Bulgaria,29.282,24.886,22.758,20.237,19.869,19.615,19.662,18.696,17.409,17.171,17.755,18.091,17.137,17.583,18.183,18.116,17.773,18.342,17.554,16.552,16.780,14.894,14.380,14.117,14.788,14.863,
BHR,Bahrain,1.596,1.534,1.719,1.889,1.929,2.031,2.009,2.156,2.141,2.270,2.247,2.273,2.369,2.312,2.381,2.771,3.003,3.063,3.263,3.326,3.327,3.411,3.478,3.849,4.017,4.036,
BHS,Bahamas,0.363,0.361,0.354,0.354,0.367,0.393,0.404,0.404,0.485,0.528,0.536,0.456,0.482,0.464,0.658,0.590,0.528,0.512,0.527,0.513,0.488,0.658,0.671,0.852,0.693,0.694,
BIH,Bosnia and Herzegovina,4.099,3.958,3.871,3.870,3.339,3.112,3.024,3.517,3.990,4.216,4.441,3.311,3.338,3.962,3.853,3.953,4.367,4.535,4.422,4.533,4.556,5.002,4.844,4.807,4.859,4.992,
BLR,Belarus,69.861,68.819,66.264,63.033,58.959,56.353,54.531,53.894,53.658,53.050,52.184,51.703,58.940,53.390,51.688,52.077,54.232,53.145,55.925,55.970,56.733,57.493,60.082,58.381,60.397,60.086,
BLZ,Belize,9.822,9.843,9.894,9.907,9.938,9.934,8.241,8.048,8.405,8.344,8.348,5.487,7.781,8.265,5.250,7.509,4.857,6.979,5.565,4.174,6.294,6.941,3.390,7.499,3.579,5.080,
BMU,Bermuda,0.045,0.044,0.040,0.041,0.041,0.041,0.044,0.044,0.052,0.063,0.060,0.056,0.058,0.058,0.064,0.060,0.057,0.070,0.056,0.065,0.067,0.066,0.100,0.066,0.067,0.074,
BOL,Bolivia,100.853,101.571,102.157,103.303,103.732,102.865,100.557,101.813,101.714,107.066,100.257,99.136,104.848,101.397,116.150,111.478,172.659,181.252,175.493,173.647,204.535,122.428,117.168,116.487,116.452,118.222,
BRA,Brazil,1586.312,1610.471,1628.897,1646.778,1672.420,1695.745,1677.151,1689.849,1705.824,1706.964,1708.530,1925.743,1968.884,2008.163,2032.447,2043.702,1560.439,1576.291,1568.351,1574.573,1623.714,1270.321,1277.994,1282.537,1301.284,1327.035,
BRB,Barbados,0.269,0.273,0.273,0.261,0.261,0.260,0.260,0.266,0.285,0.310,0.354,0.377,0.362,0.371,0.336,0.351,0.340,0.336,0.342,0.356,0.359,0.359,0.430,0.442,0.442,0.455,
BRN,Brunei Darussalam,2.249,2.370,2.386,2.355,2.413,2.455,2.637,2.902,6.985,2.731,2.841,2.935,2.807,3.058,2.880,2.941,3.199,3.225,3.408,3.387,3.352,2.050,2.102,2.102,2.215,2.096,
BTN,Bhutan,0.869,0.890,0.845,0.825,0.820,0.895,0.850,0.842,0.845,0.888,0.821,0.763,0.737,0.741,0.767,0.876,0.859,0.963,0.784,0.835,0.924,0.886,1.009,0.851,0.857,0.841,
BWA,Botswana,66.590,65.863,65.614,65.371,65.967,67.018,79.731,90.904,100.779,86.030,74.556,59.131,148.277,99.523,41.551,87.652,48.474,91.521,45.118,39.168,34.681,36.577,36.404,68.584,37.103,133.235,
CAF,Central African Republic,12.910,13.304,13.393,13.480,13.661,13.856,15.334,18.409,21.527,20.442,19.066,15.057,14.805,15.572,15.158,15.802,15.380,15.960,16.473,16.158,16.543,17.250,17.437,17.425,17.096,17.717,
CAN,Canada,271.184,271.943,276.314,278.775,281.331,285.027,265.416,249.672,347.842,285.567,257.022,244.915,317.005,319.735,288.791,302.345,318.962,305.459,310.382,265.358,335.494,285.106,317.845,376.517,339.824,383.409,
CHE,Switzerland,12.090,12.125,11.701,11.691,11.730,11.522,11.486,11.647,11.758,12.546,12.635,12.946,12.767,12.854,12.970,13.230,13.527,13.602,13.724,13.394,13.532,13.376,13.244,13.445,13.492,13.134,
CHL,Chile,20.135,20.561,21.577,22.230,23.208,23.839,24.696,25.543,25.153,25.692,26.124,25.869,26.361,26.492,27.646,27.766,35.717,36.305,37.013,36.605,35.662,29.286,29.850,28.070,28.615,31.993,
CHN,China,1679.160,1691.530,1681.000,1673.410,1704.920,1827.869,1761.449,1767.767,1790.136,1771.185,1670.961,1683.884,1710.772,1775.941,1965.117,2069.527,2143.294,2199.925,2234.672,2287.028,2290.355,2366.264,2371.182,2409.913,2417.726,2418.637,
CIV,Cote d'Ivoire,8.972,9.191,9.357,9.376,9.652,10.171,9.947,10.575,10.926,11.099,11.050,11.306,11.223,11.034,11.351,11.506,20.835,21.691,21.156,22.033,21.587,15.779,17.368,17.103,17.472,17.627,
CMR,Cameroon,130.140,130.139,130.224,130.519,134.614,134.486,129.709,129.647,131.857,131.827,132.005,131.826,130.223,136.608,134.770,140.173,132.930,136.351,137.794,135.006,133.253,133.900,133.211,142.338,136.357,141.366,
COD,Congo_the Democratic Republic of the,173.505,173.405,173.921,174.030,174.745,174.408,185.247,191.237,192.139,186.540,183.261,169.685,168.809,172.909,175.464,177.929,174.078,176.497,176.429,177.243,176.950,181.000,180.301,185.760,181.444,181.812,
COG,Congo,36.085,36.112,36.133,36.190,36.183,36.459,18.565,18.726,18.635,18.918,18.093,24.246,19.688,31.394,35.813,44.902,43.270,38.566,33.064,30.691,38.185,44.971,42.775,45.258,27.120,41.618,
COK,Cook Islands,0.013,0.012,0.014,0.015,0.014,0.015,0.015,0.016,0.016,0.015,0.014,0.014,0.013,0.013,0.014,0.015,0.014,0.014,0.015,0.015,0.016,0.019,0.024,0.017,0.015,0.014,
COL,Colombia,233.794,233.643,235.513,237.952,238.459,239.386,237.469,238.682,239.052,234.881,236.360,273.199,273.199,281.994,282.185,277.027,269.168,274.007,273.636,274.343,276.343,119.970,115.287,114.055,117.405,115.055,
COM,Comoros,0.312,0.313,0.318,0.325,0.327,0.333,0.333,0.337,0.346,0.354,0.342,0.379,0.386,0.380,0.383,0.453,0.407,0.401,0.421,0.423,0.433,0.474,0.483,0.493,0.503,0.517,
CPV,Cape Verde,0.144,0.155,0.182,0.185,0.168,0.197,0.167,0.182,0.198,0.204,0.205,0.207,0.210,0.212,0.233,0.234,0.236,0.242,0.243,0.255,0.262,0.256,0.261,0.286,0.290,0.301,
CRI,Costa Rica,13.397,13.472,13.959,14.003,13.750,13.294,13.288,13.361,13.519,13.378,13.230,6.725,6.465,7.507,6.401,6.501,6.401,6.879,7.013,6.998,7.506,20.901,20.805,20.943,20.992,21.059,
CUB,Cuba,25.371,24.297,23.583,20.978,21.672,20.911,21.957,21.821,21.438,20.929,20.817,19.702,19.811,19.695,19.281,18.419,19.024,19.120,19.516,20.066,19.868,20.397,20.376,20.562,20.548,20.113,
CYM,Cayman Islands,0.022,0.022,0.023,0.022,0.024,0.027,0.028,0.029,0.034,0.042,0.041,0.042,0.040,0.040,0.046,0.044,0.042,0.048,0.058,0.051,0.053,0.052,0.080,0.076,0.075,0.078,
CYP,Cyprus,1.277,1.646,1.581,1.651,1.694,1.720,1.841,1.786,1.838,1.903,1.953,1.968,2.057,2.155,2.206,2.266,2.306,2.363,2.390,2.328,2.445,2.335,2.274,2.190,2.292,2.263,
CZE,Czech Republic,32.171,29.931,27.141,28.397,28.181,28.170,27.074,25.866,25.168,24.596,25.399,25.991,25.072,25.078,24.922,24.652,24.551,24.836,24.589,22.697,23.683,23.584,23.175,23.011,23.253,23.690,
DEU,Germany,214.344,211.014,203.551,197.842,197.250,198.617,199.054,197.599,196.569,191.490,188.728,196.464,198.906,198.193,197.705,194.374,184.516,185.667,185.093,180.537,182.837,180.738,180.275,181.950,180.832,179.568,
DJI,Djibouti,0.839,0.857,0.870,0.898,0.901,0.980,1.006,1.028,1.038,1.074,1.081,1.091,1.095,1.113,1.134,1.140,1.139,1.149,1.137,1.126,1.119,1.148,1.168,1.155,1.174,1.181,
DMA,Dominica,0.154,0.155,0.156,0.157,0.158,0.158,0.159,0.161,0.163,0.166,0.167,0.165,0.168,0.169,0.170,0.166,0.169,0.167,0.165,0.163,0.161,0.159,0.166,0.164,0.164,0.164,
DNK,Denmark,25.277,26.342,25.475,25.749,25.850,25.693,26.095,25.732,25.345,24.840,24.540,26.082,25.625,26.005,25.283,24.855,24.178,23.961,23.155,22.455,22.868,22.235,21.527,21.475,21.168,21.006,
DOM,Dominican Republic,9.887,10.448,10.228,10.592,10.759,10.984,11.372,11.659,12.062,11.340,11.158,11.613,12.552,12.166,12.516,12.790,13.074,14.040,14.340,14.913,15.436,15.343,15.529,15.760,15.814,16.139,
DZA,Algeria,30.503,30.807,37.375,37.227,35.960,36.251,35.990,33.997,33.360,33.906,34.946,33.850,33.895,36.175,36.160,37.181,36.812,37.407,38.103,41.175,42.322,44.590,47.287,48.164,52.391,54.666,
ECU,Ecuador,59.375,59.105,60.643,61.930,62.781,63.377,64.048,64.402,62.759,62.307,60.470,55.986,56.540,57.619,58.986,57.539,57.990,57.670,57.566,58.960,59.930,59.983,60.185,60.554,59.782,59.116,
EGY,Egypt,40.571,42.613,44.316,45.358,45.901,47.910,48.995,50.344,49.909,52.147,53.379,54.293,56.818,57.774,62.998,67.758,69.813,71.842,74.506,74.032,77.405,81.410,83.007,75.989,76.574,76.293,
ERI,Eritrea,3.116,3.126,3.185,4.606,4.686,4.739,5.111,5.562,5.808,5.885,6.009,5.848,5.806,5.946,6.016,6.089,5.933,6.183,6.176,6.343,6.134,6.303,6.349,6.406,6.445,6.484,
ESH,Western Sahara,0.498,0.503,0.505,0.508,0.510,0.516,0.523,0.531,0.536,0.544,0.556,0.569,0.577,0.589,0.600,0.608,0.614,0.620,0.625,0.631,0.636,0.641,0.642,0.637,0.632,0.632,
ESP,Spain,80.586,82.143,82.181,79.587,82.308,85.564,86.035,90.694,92.108,96.310,102.197,103.845,106.130,111.086,112.081,112.554,108.949,112.401,105.250,100.651,98.740,98.600,97.162,93.881,94.462,97.052,
EST,Estonia,8.529,8.549,8.668,7.723,6.799,6.333,6.333,6.047,6.092,5.804,5.882,6.228,6.284,6.116,6.414,6.311,7.377,7.659,7.653,7.073,7.216,6.499,6.756,7.117,7.042,6.902,
ETH,Ethiopia,85.868,86.171,87.590,84.929,85.709,86.273,82.581,84.202,91.949,92.089,84.572,94.636,110.554,106.745,107.559,101.414,114.705,112.884,125.275,127.356,132.123,123.317,135.164,142.453,134.812,137.892,
FIN,Finland,29.567,28.878,28.083,28.114,28.826,27.586,26.731,26.364,26.595,28.935,28.967,58.941,59.087,60.615,62.260,60.458,52.082,49.724,49.087,48.654,50.144,29.124,29.671,29.480,28.716,27.884,
FJI,Fiji,2.027,2.031,2.056,2.132,2.153,2.200,2.195,2.199,2.179,2.158,2.157,2.309,2.281,2.320,2.348,2.335,3.185,3.188,3.215,3.205,3.153,1.555,1.646,1.623,1.598,1.604,
FLK,Falkland Islands (Malvinas),0.337,0.336,0.330,0.330,0.415,0.414,0.418,0.428,0.424,0.423,0.408,0.610,0.492,0.401,0.456,0.400,0.399,0.402,0.404,0.402,0.402,0.402,0.563,0.404,0.404,0.403,
FRA,France,161.170,162.592,160.185,158.505,159.429,161.600,164.156,164.617,168.335,171.257,173.673,177.612,177.037,176.021,177.129,173.778,176.210,178.454,176.479,177.763,181.848,176.704,176.945,173.249,169.633,171.064,
FRO,Faroe Islands,0.052,0.052,0.052,0.052,0.052,0.052,0.052,0.052,0.052,0.052,0.053,0.052,0.053,0.053,0.053,0.053,0.050,0.050,0.050,0.050,0.050,0.050,0.051,0.051,0.051,0.052,
FSM,"Micronesia, Federated States of",0.027,0.379,0.380,0.380,0.380,0.391,0.391,0.391,0.391,0.391,0.391,0.391,0.391,0.391,0.391,0.391,0.385,0.385,0.385,0.385,0.385,0.033,0.033,0.034,0.033,0.034,
GAB,Gabon,4.788,3.922,3.843,3.836,3.660,3.785,3.333,3.175,3.153,3.009,2.697,2.834,3.023,3.259,3.507,3.211,3.106,3.061,3.883,2.552,2.932,3.362,2.945,3.281,2.873,3.370,
GBR,United Kingdom,156.309,154.686,153.979,153.028,154.699,154.003,156.456,153.517,150.129,146.770,144.356,143.937,141.596,142.623,140.266,138.941,135.289,133.399,129.238,122.185,121.656,117.317,118.268,116.369,113.888,112.854,
GEO,Georgia,8.551,8.639,7.208,6.360,5.956,5.618,5.799,5.812,5.583,5.733,5.845,5.540,5.697,5.856,5.816,6.097,5.864,5.879,5.585,5.437,5.533,5.842,6.297,6.410,6.569,6.202,
GHA,Ghana,6.001,6.386,6.382,6.499,6.668,6.875,6.886,7.500,8.660,8.253,8.583,8.760,8.127,8.112,8.713,8.740,9.004,9.365,9.479,10.285,10.481,11.068,11.746,12.222,12.194,13.073,
GIB,Gibraltar,0.019,0.025,0.029,0.030,0.034,0.034,0.034,0.035,0.038,0.038,0.040,0.041,0.041,0.042,0.045,0.046,0.048,0.047,0.048,0.052,0.053,0.051,0.053,0.055,0.060,0.063,
GIN,Guinea,22.265,22.465,22.717,22.994,23.361,23.650,21.572,21.743,22.538,22.806,22.757,23.673,23.715,26.227,28.456,27.434,29.005,30.271,26.768,28.822,30.580,32.315,32.377,32.780,33.407,34.357,
GLP,Guadeloupe,0.317,0.329,0.327,0.319,0.329,0.327,0.375,0.383,0.404,0.405,0.407,0.416,0.468,0.447,0.448,0.439,0.570,0.595,0.623,0.579,0.587,0.450,0.558,0.552,0.555,0.561,
GMB,Gambia,0.765,0.796,0.790,0.786,0.811,0.829,0.957,0.976,0.962,1.209,1.136,1.003,0.893,0.973,1.005,1.033,1.064,1.086,1.171,1.357,1.435,1.211,1.252,1.311,1.384,1.420,
GNB,Guinea-Bissau,2.966,2.979,3.019,3.040,3.065,3.110,3.018,3.069,3.313,3.566,3.360,3.708,3.287,3.211,3.171,3.199,3.339,3.429,3.516,3.701,3.843,3.801,3.908,3.952,3.795,3.941,
GNQ,Equatorial Guinea,5.446,5.449,5.452,5.456,5.756,5.875,5.884,6.015,6.079,6.071,6.026,6.053,5.915,5.962,6.045,6.045,6.120,6.177,6.253,6.185,6.241,6.184,6.012,6.045,6.041,6.026,
GRC,Greece,26.658,26.757,26.629,26.296,26.670,26.679,27.012,27.404,27.853,27.173,28.329,28.045,28.022,28.818,28.498,28.482,28.624,29.863,28.478,26.489,26.094,24.506,22.661,22.447,22.082,21.547,
GRD,Grenada,0.047,0.047,0.048,0.048,0.048,0.049,0.050,0.053,0.055,0.060,0.054,0.059,0.058,0.059,0.063,0.062,0.061,0.062,0.063,0.064,0.064,0.064,0.077,0.081,0.077,0.079,
GRL,Greenland,0.044,0.044,0.044,0.045,0.045,0.045,0.045,0.045,0.045,0.045,0.045,0.045,0.045,0.045,0.159,0.175,0.147,0.207,0.204,0.186,0.178,0.182,0.198,0.201,0.197,0.188,
GTM,Guatemala,26.449,26.769,27.333,27.646,27.796,28.094,27.629,27.650,29.706,28.519,29.460,27.779,29.172,33.467,28.557,32.480,28.049,30.071,29.145,30.753,30.383,29.695,30.115,31.519,31.152,32.385,
GUF,French Guiana,0.110,0.122,0.117,0.114,0.117,0.121,0.127,0.131,0.143,0.159,0.159,0.160,0.157,0.155,0.169,0.172,0.169,0.154,0.152,0.149,0.163,0.150,0.196,0.200,0.203,0.208,
GUM,Guam,0.040,0.041,0.042,0.043,0.044,0.045,0.046,0.047,0.047,0.048,0.049,0.049,0.050,0.050,0.050,0.050,0.050,0.050,0.050,0.051,0.051,0.051,0.051,0.052,0.052,0.052,
GUY,Guyana,23.698,23.984,24.071,24.237,24.210,24.847,15.943,15.872,19.355,14.916,14.354,17.567,19.175,47.430,17.634,26.388,22.197,21.515,24.268,26.165,38.075,24.093,28.739,26.507,34.771,46.002,
HKG,Hong Kong,5.066,5.410,5.663,5.993,5.806,5.925,5.923,5.889,6.604,6.966,6.693,6.653,6.569,6.790,6.516,6.647,6.646,6.763,6.724,6.994,6.863,7.041,7.036,7.143,7.300,7.146,
HND,Honduras,48.456,48.554,48.623,48.267,48.758,48.683,47.885,48.261,48.433,47.584,48.004,35.011,35.930,40.203,36.729,39.137,37.167,37.869,38.259,38.987,38.888,40.294,38.304,39.572,40.331,39.443,
HRV,Croatia,11.374,9.220,8.523,8.183,7.965,7.822,7.630,8.164,7.912,8.275,8.304,8.214,8.272,8.350,9.058,9.074,9.339,9.618,9.542,8.854,8.824,8.643,8.241,8.192,8.325,8.504,
HTI,Haiti,4.466,4.661,5.102,4.943,4.906,4.985,5.103,5.377,5.485,5.560,5.950,6.022,6.085,6.133,6.183,6.287,6.316,6.386,6.416,6.488,6.505,6.558,6.618,6.667,6.724,6.842,
HUN,Hungary,33.203,30.432,26.207,25.629,25.547,24.748,26.145,25.633,25.351,25.601,25.454,26.262,25.373,25.344,26.405,25.814,25.693,24.703,23.971,22.416,22.495,22.400,21.763,22.216,22.841,22.498,
IDN,Indonesia,1764.100,1774.171,1794.731,1803.525,1811.309,1830.093,1626.173,2576.316,1813.525,1701.569,1642.311,871.148,1391.587,1003.479,1376.313,1093.923,1599.401,985.435,982.413,1395.721,993.897,1183.837,1207.283,1163.410,1541.440,1580.602,
IND,India,792.505,807.735,817.921,830.817,844.551,860.712,864.386,873.505,888.207,898.046,892.139,897.631,889.010,905.692,928.161,945.210,970.401,999.651,1007.452,1029.303,1046.897,1063.136,1088.986,1099.330,1121.027,1127.061,
IRL,Ireland,28.887,29.138,29.078,29.504,30.086,30.362,30.358,31.168,32.054,32.442,33.625,34.086,33.760,32.851,32.816,32.866,33.198,32.245,31.619,30.856,30.504,29.229,30.062,30.327,30.535,31.377,
IRN,"Iran, Islamic Republic of",100.183,103.245,112.444,104.749,113.054,110.637,113.309,111.957,112.222,109.027,111.388,110.810,111.876,119.061,122.953,128.905,135.363,137.216,136.785,140.067,143.397,142.686,143.391,146.728,139.772,143.017,
IRQ,Iraq,24.254,18.743,20.641,23.326,22.962,22.347,21.942,25.348,25.050,26.534,27.176,28.099,28.215,23.891,26.501,28.068,27.767,27.499,28.909,30.963,33.256,35.620,36.536,37.038,37.264,37.073,
ISL,Iceland,1.750,1.719,1.817,1.866,1.881,1.834,1.987,2.002,1.944,1.952,1.872,1.851,1.968,1.966,1.922,1.924,1.980,1.789,1.844,1.921,1.878,1.783,1.752,1.838,1.815,1.878,
ISR,Israel,8.028,8.159,8.644,9.044,9.531,10.073,10.701,11.083,11.271,11.693,12.236,12.437,12.973,13.396,13.790,13.576,14.334,14.696,14.596,14.449,14.895,15.070,15.712,15.718,15.308,15.734,
ITA,Italy,110.888,109.533,108.939,105.882,105.826,107.188,109.256,109.816,112.442,115.846,118.690,115.299,118.710,121.357,121.133,121.563,119.607,119.431,118.897,111.055,110.111,107.141,104.589,100.708,97.819,98.576,
JAM,Jamaica,2.457,2.491,3.358,2.610,2.524,2.655,2.601,2.580,2.634,2.699,2.725,2.766,2.831,2.883,2.813,2.762,2.913,2.908,2.467,2.601,2.367,2.344,2.481,2.359,2.227,2.254,
JOR,Jordan,2.662,3.466,3.508,3.473,3.506,3.664,3.778,3.835,3.806,3.907,3.894,3.959,4.185,4.279,4.586,4.870,4.980,5.351,5.635,5.750,5.864,6.165,7.109,7.558,8.144,8.164,
JPN,Japan,197.024,197.840,198.179,196.737,203.212,202.819,203.082,201.400,196.853,202.465,206.839,204.322,207.637,208.743,209.476,209.120,213.052,220.287,217.647,208.335,215.008,214.105,217.581,217.640,214.136,209.610,
KAZ,Kazakhstan,70.508,71.818,71.419,70.379,67.122,55.777,48.757,40.938,36.896,36.861,36.469,39.468,42.261,45.043,46.153,46.122,45.367,46.818,49.875,47.247,48.974,47.290,52.152,50.276,53.151,53.440,
KEN,Kenya,88.597,87.829,88.105,88.435,88.912,89.138,87.331,87.796,87.952,90.667,88.115,30.949,33.672,35.655,38.826,40.283,39.033,57.847,63.097,59.505,61.102,62.563,63.585,59.694,60.121,61.612,
KGZ,Kyrgyzstan,9.835,9.380,8.765,7.978,7.155,6.151,5.787,5.583,5.668,5.741,5.773,5.689,5.737,5.810,5.807,5.900,11.898,11.968,11.776,11.923,11.427,7.616,7.889,8.347,8.657,8.867,
KHM,Cambodia,46.369,45.621,45.926,46.860,44.850,47.716,44.797,46.263,49.133,48.312,46.974,49.030,49.994,52.226,53.015,55.220,48.989,49.915,49.887,50.199,50.940,52.811,51.521,53.590,51.566,52.955,
KIR,Kiribati,0.018,0.018,0.018,0.018,0.017,0.018,0.018,0.018,0.019,0.019,0.020,0.021,0.021,0.022,0.022,0.023,0.023,0.024,0.025,0.027,0.028,0.032,0.036,0.032,0.030,0.029,
KNA,Saint Kitts and Nevis,0.040,0.042,0.043,0.042,0.042,0.042,0.043,0.046,0.047,0.048,0.050,0.050,0.051,0.056,0.059,0.057,0.047,0.053,0.057,0.055,0.056,0.055,0.067,0.063,0.063,0.064,
KOR,"Korea, Republic of",61.302,64.708,67.226,71.853,75.911,79.828,84.158,86.326,77.392,79.284,83.357,86.013,85.851,85.878,86.997,86.085,87.163,88.477,85.611,87.019,90.912,91.523,91.318,91.505,89.022,88.997,
KWT,Kuwait,6.386,5.102,7.096,8.618,9.862,9.661,9.789,10.327,9.475,9.674,10.137,10.186,10.520,11.385,11.841,12.720,13.271,13.475,14.065,14.391,14.437,15.238,15.831,17.001,17.092,16.966,
LAO,Lao People's Democratic Republic,40.833,40.637,41.052,41.167,41.773,41.842,38.330,38.271,39.963,39.068,38.709,9.709,12.018,12.600,23.012,15.498,12.233,22.668,12.263,14.565,23.798,13.186,17.320,19.211,17.910,18.613,
LBN,Lebanon,1.972,2.256,2.414,3.015,3.067,3.494,3.553,3.725,3.613,3.651,3.590,3.709,3.785,3.795,3.932,3.835,3.871,3.705,4.098,4.661,4.486,4.727,5.242,5.227,5.625,5.810,
LBR,Liberia,16.715,16.651,16.634,16.588,16.571,16.592,15.739,15.799,15.875,15.911,15.952,15.962,15.975,16.430,16.276,16.074,16.834,16.487,16.497,20.993,16.634,16.834,17.134,17.061,18.639,21.574,
LBY,Libyan Arab Jamahiriya,10.416,10.340,10.773,11.629,12.596,13.399,13.981,12.167,11.650,11.384,11.244,10.991,10.773,11.686,11.876,13.300,13.063,12.570,12.532,12.714,13.762,9.659,11.519,10.810,10.171,9.849,
LCA,Saint Lucia,0.106,0.108,0.112,0.110,0.115,0.118,0.121,0.123,0.117,0.122,0.126,0.125,0.123,0.126,0.124,0.122,0.121,0.126,0.125,0.123,0.123,0.123,0.144,0.144,0.146,0.149,
LKA,Sri Lanka,18.735,17.716,17.774,18.204,18.792,18.548,16.618,16.493,15.760,16.601,16.155,16.323,16.777,17.579,16.312,17.943,16.594,16.067,17.888,17.169,18.422,19.448,19.727,20.262,18.093,19.362,
LSO,Lesotho,1.678,1.683,1.871,1.837,1.775,1.717,1.632,1.596,1.544,2.027,1.913,1.932,1.772,1.790,1.763,1.918,1.864,1.877,1.836,1.836,1.851,1.912,1.946,1.872,1.863,1.799,
LTU,Lithuania,17.369,16.674,18.081,15.231,14.320,13.738,13.756,13.654,13.626,12.897,12.811,12.687,13.058,13.360,13.577,13.771,14.093,15.808,16.091,14.580,14.686,17.599,17.839,17.166,17.370,17.793,
LUX,Luxembourg,1.514,1.545,1.607,1.601,1.613,1.479,1.477,1.442,1.408,1.505,1.864,1.938,1.911,1.915,2.091,2.143,2.146,2.067,2.100,2.036,2.115,2.093,2.057,2.007,2.014,1.935,
LVA,Latvia,9.696,9.050,10.795,9.553,7.627,6.921,6.905,6.728,6.604,6.461,6.325,7.070,7.592,7.892,7.954,8.120,10.938,11.187,11.066,10.904,11.154,8.599,8.708,8.771,8.859,9.039,
MAC,Macao,0.143,0.142,0.150,0.162,0.129,0.136,0.147,0.160,0.171,0.176,0.148,0.158,0.160,0.167,0.202,0.188,0.200,0.186,0.193,0.204,0.186,0.264,0.371,0.231,0.180,0.191,
MAR,Morocco,21.393,21.344,21.296,20.442,21.330,21.667,22.390,23.338,23.810,24.617,25.225,26.119,26.499,27.206,29.409,29.978,30.813,31.174,31.587,32.348,33.612,39.146,39.903,42.122,42.785,43.541,
MDA,"Moldova, Republic of",8.430,7.955,7.012,6.930,6.680,6.198,5.880,5.234,4.536,4.054,3.675,3.568,3.677,3.766,3.781,3.471,3.453,3.394,3.131,2.992,3.236,3.425,3.195,3.469,3.415,3.523,
MDG,Madagascar,68.386,68.305,68.518,68.820,68.429,68.626,67.215,66.178,67.475,66.907,64.825,54.739,46.744,48.396,50.835,54.806,72.024,74.232,70.797,78.103,77.972,48.676,44.223,48.763,46.366,45.610,
MDV,Maldives,0.041,0.042,0.044,0.050,0.050,0.059,0.061,0.060,0.066,0.067,0.068,0.071,0.091,0.101,0.091,0.086,0.098,0.104,0.114,0.128,0.136,0.180,0.220,0.189,0.166,0.166,
MEX,Mexico,195.049,195.970,195.847,197.907,199.790,198.010,199.934,204.230,216.245,209.991,211.735,206.179,207.778,216.534,212.666,221.512,221.484,224.493,226.889,228.551,227.277,231.552,228.449,234.596,232.700,237.555,
MHL,Marshall Islands,0.002,0.002,0.002,0.002,0.002,0.002,0.002,0.002,0.002,0.002,0.002,0.002,0.002,0.002,0.002,0.002,0.002,0.002,0.002,0.002,0.002,0.002,0.002,0.002,0.002,0.002,
MKD,"Macedonia, the former Yugoslav Republic of",3.075,2.858,2.847,2.832,3.174,3.067,3.091,2.835,2.793,2.599,2.839,2.628,2.555,2.538,2.724,2.711,2.712,2.744,2.668,2.496,2.517,2.613,2.588,2.459,2.441,2.414,
MLI,Mali,19.235,19.357,19.344,19.572,19.893,20.315,21.941,22.736,26.027,26.322,24.980,25.803,26.725,27.600,28.191,29.172,32.147,33.244,34.393,35.417,37.106,32.355,33.293,34.186,34.972,36.189,
MLT,Malta,0.299,0.282,0.287,0.333,0.377,0.364,0.371,0.409,0.413,0.432,0.421,0.480,0.466,0.514,0.522,0.560,0.583,0.615,0.599,0.578,0.637,0.631,0.601,0.566,0.573,0.491,
MMR,Myanmar,189.089,187.660,191.071,194.213,196.008,198.058,186.996,183.874,188.823,194.456,190.111,169.904,168.645,178.937,202.436,192.567,198.532,211.868,194.246,206.347,212.740,233.842,241.012,243.348,249.825,253.430,
MNG,Mongolia,34.512,35.085,34.610,34.576,34.151,35.038,35.870,42.415,37.219,37.194,40.711,34.502,34.805,30.367,31.118,32.104,24.571,25.969,25.907,22.194,18.123,37.166,39.426,39.550,41.716,46.869,
MNP,Northern Mariana Islands,0.002,0.062,0.063,0.063,0.063,0.063,0.063,0.064,0.064,0.064,0.064,0.064,0.064,0.064,0.064,0.064,0.064,0.064,0.064,0.064,0.064,0.064,0.064,0.064,0.064,0.064,
MOZ,Mozambique,42.847,42.955,43.167,43.424,43.598,43.769,43.357,42.617,43.461,43.148,42.154,55.708,48.879,46.160,44.858,46.630,45.050,46.106,46.394,45.755,45.849,45.634,46.949,48.277,48.595,48.065,
MRT,Mauritania,6.841,7.028,6.885,7.021,6.889,6.956,7.323,7.769,8.060,8.588,8.839,9.144,9.387,9.563,9.352,9.501,9.239,8.859,8.356,8.885,9.114,9.265,9.566,9.876,9.919,10.052,
MSR,Montserrat,0.058,0.059,0.060,0.060,0.060,0.060,0.060,0.061,0.062,0.063,0.063,0.027,0.026,0.026,0.027,0.027,0.027,0.028,0.028,0.028,0.028,0.028,0.032,0.030,0.030,0.030,
MTQ,Martinique,0.246,0.241,0.246,0.247,0.246,0.248,0.249,0.241,0.268,0.303,0.294,0.302,0.283,0.282,0.297,0.283,0.277,0.273,0.262,0.287,0.292,0.283,0.403,0.394,0.391,0.394,
MUS,Mauritius,0.711,0.708,0.725,0.717,0.732,0.747,0.772,0.769,0.779,0.801,0.853,1.005,1.000,0.994,1.027,1.036,0.875,0.879,0.885,0.896,0.916,0.920,0.909,0.913,0.930,0.935,
MWI,Malawi,11.866,11.896,11.857,11.950,11.729,11.853,12.356,12.229,12.580,12.375,12.988,15.396,14.334,14.796,14.224,14.986,14.203,14.655,15.242,15.537,16.614,12.801,13.434,13.689,14.116,15.078,
MYS,Malaysia,98.044,98.774,99.639,99.464,102.012,101.937,97.403,100.301,128.587,98.161,99.115,122.279,130.341,130.836,142.588,146.028,73.659,82.829,80.652,100.638,95.381,116.908,115.150,120.022,140.400,123.512,
MYT,Mayotte,0.065,0.065,0.066,0.067,0.068,0.068,0.069,0.070,0.071,0.071,0.072,0.083,0.084,0.085,0.086,0.086,0.073,0.074,0.075,0.075,0.076,0.077,0.078,0.079,0.080,0.081,
NAM,Namibia,13.131,13.361,13.233,12.962,12.936,12.908,14.337,14.392,14.967,15.185,16.270,14.830,14.582,14.603,14.599,16.144,14.697,14.715,15.318,15.259,15.277,15.258,16.431,15.803,16.378,16.428,
NCL,New Caledonia,0.412,0.429,0.444,0.433,0.362,0.374,0.381,0.393,0.361,0.388,0.378,0.384,0.408,0.388,0.435,0.407,0.393,0.396,0.425,0.446,0.495,0.623,0.742,0.626,0.548,0.524,
NER,Niger,17.762,18.241,18.709,19.273,19.806,20.337,21.126,21.695,22.485,22.941,23.508,19.135,19.875,20.576,21.340,22.101,22.870,23.725,24.602,25.446,26.111,24.993,26.134,27.318,28.484,29.708,
NGA,Nigeria,270.091,274.896,277.319,279.142,279.718,283.227,299.524,297.731,284.724,288.862,289.871,281.674,281.061,288.404,289.469,289.259,287.224,285.112,289.520,287.731,292.702,306.983,310.850,312.646,313.698,315.842,
NIC,Nicaragua,37.679,36.506,37.112,37.804,37.921,37.193,36.642,37.242,37.680,38.104,38.491,38.408,38.551,40.245,38.757,40.423,47.072,47.006,47.399,47.312,48.016,16.012,16.198,17.257,17.983,17.950,
NIU,Niue,0.046,0.046,0.047,0.047,0.047,0.047,0.047,0.047,0.047,0.047,0.048,0.048,0.048,0.048,0.048,0.048,0.076,0.077,0.077,0.078,0.078,0.050,0.050,0.050,0.050,0.050,
NLD,Netherlands,65.962,67.828,68.394,68.736,67.948,67.512,69.789,66.979,66.635,66.204,65.399,64.515,62.898,62.569,63.280,62.183,61.822,61.759,57.796,56.488,58.334,56.311,56.179,55.935,54.928,57.115,
NOR,Norway,17.968,18.457,18.081,18.343,18.985,19.234,20.121,20.549,20.745,20.345,19.756,19.104,19.643,19.339,20.570,20.545,19.506,19.522,19.647,17.912,17.960,17.911,18.574,18.109,17.499,18.115,
NPL,Nepal,75.509,75.350,74.354,75.986,76.303,77.882,76.164,76.404,77.124,78.424,78.307,60.110,59.508,62.789,62.051,63.102,35.733,35.075,38.036,40.380,39.756,38.807,41.912,41.322,42.595,38.396,
NRU,Nauru,0.002,0.002,0.002,0.002,0.002,0.002,0.002,0.002,0.002,0.002,0.002,0.002,0.002,0.002,0.002,0.002,0.002,0.002,0.002,0.002,0.002,0.002,0.002,0.002,0.003,0.003,
NZL,New Zealand,49.760,49.133,48.996,49.325,50.920,51.791,51.522,52.467,51.808,52.425,52.409,53.189,54.860,55.874,56.018,56.303,58.684,58.439,57.395,58.904,59.473,56.829,57.775,57.226,58.315,57.294,
OMN,Oman,5.026,4.260,4.436,4.697,4.369,4.647,4.825,5.339,4.962,5.149,5.156,5.581,5.619,6.238,6.393,7.907,8.449,8.918,9.641,9.807,10.134,11.783,11.135,12.292,12.786,12.872,
PAK,Pakistan,155.237,156.511,157.746,163.718,165.454,169.338,174.969,177.800,181.143,185.525,187.053,188.060,191.676,199.286,205.402,209.589,221.580,229.761,236.122,241.672,238.163,248.991,249.747,260.403,269.854,273.600,
PAN,Panama,14.823,14.900,15.040,15.096,15.190,15.246,15.049,14.834,15.087,14.967,15.026,15.679,16.008,16.397,15.940,15.872,15.926,15.735,15.845,16.056,16.101,14.858,15.033,15.090,14.816,15.166,
PER,Peru,116.622,116.680,117.211,118.163,119.903,121.021,120.996,121.728,121.567,122.757,122.380,84.014,84.838,85.671,85.784,90.442,112.306,115.366,112.397,112.805,115.238,117.654,118.794,119.370,119.055,120.081,
PHL,Philippines,63.146,63.292,62.113,64.068,67.319,69.984,72.742,73.868,69.069,74.691,74.967,94.900,96.056,97.306,99.200,99.615,96.764,99.399,100.984,101.229,101.603,87.021,87.708,90.239,91.547,91.975,
PLW,Palau,0.201,0.200,0.183,0.188,0.280,0.230,0.213,0.257,0.221,0.233,0.161,0.178,0.109,0.134,0.117,0.133,0.133,0.106,0.121,0.209,0.208,0.287,0.465,0.220,0.150,0.143,
PNG,Papua New Guinea,49.545,49.549,49.600,49.636,49.594,51.851,38.600,151.475,41.937,43.006,44.235,40.149,62.166,50.849,88.337,47.433,59.752,44.390,50.416,45.511,53.656,43.620,45.032,46.934,55.997,113.641,
POL,Poland,119.259,115.910,111.883,113.857,114.097,115.320,120.026,120.137,113.412,109.647,106.549,103.900,103.252,103.149,102.438,105.387,104.161,105.594,104.064,102.006,104.244,103.776,103.533,101.570,100.420,100.335,
PRI,Puerto Rico,2.847,2.878,2.551,2.575,2.616,2.485,2.489,2.532,2.531,2.544,2.563,2.563,2.558,2.559,2.473,2.445,2.445,2.448,2.446,2.428,2.450,2.450,2.480,2.444,2.474,2.418,
PRK,"Korea, Democratic People's Republic of",32.605,32.196,31.792,31.591,30.459,29.500,28.726,29.275,28.302,29.308,29.543,30.256,30.474,30.897,32.089,31.849,32.017,32.241,32.448,32.841,32.257,32.900,32.088,31.853,32.266,31.320,
PRT,Portugal,20.888,21.163,21.363,20.983,21.510,22.240,22.757,23.411,24.696,25.969,25.765,24.990,25.812,25.064,24.608,25.813,23.922,23.696,23.226,22.717,22.361,21.476,20.824,20.453,20.479,21.216,
PRY,Paraguay,102.434,101.005,101.692,103.344,104.457,106.084,102.992,103.728,103.585,105.776,102.655,106.572,108.271,108.098,106.150,107.458,164.532,168.135,166.481,169.420,172.825,185.614,186.871,189.668,189.250,188.769,
PYF,French Polynesia,0.175,0.175,0.177,0.179,0.143,0.147,0.149,0.151,0.156,0.156,0.156,0.152,0.146,0.157,0.167,0.170,0.171,0.167,0.186,0.193,0.202,0.250,0.322,0.223,0.181,0.182,
QAT,Qatar,5.084,5.050,5.104,4.922,5.017,4.774,5.599,8.350,8.268,8.626,8.605,7.787,6.655,7.713,8.182,8.513,9.334,9.699,11.027,12.367,13.206,14.880,13.479,20.236,20.592,21.126,
REU,Reunion,0.210,0.236,0.240,0.260,0.264,0.302,0.316,0.344,0.374,0.395,0.403,0.532,0.538,0.557,0.585,0.589,0.497,0.500,0.509,0.530,0.519,0.571,0.584,0.493,0.504,0.530,
ROU,Romania,54.734,46.096,44.980,40.294,40.264,39.992,39.776,37.540,33.197,31.451,32.398,32.695,32.889,33.054,35.279,35.017,34.565,36.656,35.865,31.615,32.183,33.602,34.800,33.378,34.215,33.660,
RUS,Russian Federation,710.821,703.126,665.374,630.587,597.860,579.484,515.897,429.807,482.955,429.952,443.993,523.655,554.609,645.799,498.995,530.897,468.480,437.966,676.898,481.859,499.107,520.544,611.810,521.018,540.353,465.547,
RWA,Rwanda,5.838,5.852,5.738,5.571,5.439,5.269,4.819,5.051,5.240,5.293,5.191,5.455,5.494,7.611,6.545,7.355,7.188,6.323,7.876,7.086,7.580,7.325,7.082,8.096,6.961,8.885,
SAU,Saudi Arabia,32.193,32.594,33.035,33.488,37.477,35.608,36.887,37.832,37.686,37.431,39.689,40.443,41.238,43.010,44.582,46.452,48.878,51.629,53.744,53.700,55.752,59.370,63.438,65.363,68.911,71.409,
SCG,Serbia and Montenegro,13.950,13.141,13.213,13.059,12.695,13.539,14.742,15.343,15.458,14.313,14.012,14.916,15.274,15.460,16.954,17.113,16.915,18.386,18.697,18.033,19.306,21.127,21.177,20.923,20.151,20.563,
SDN,Sudan,327.100,328.833,334.609,339.256,343.258,344.661,301.833,315.071,334.230,331.949,333.608,353.945,441.793,329.820,414.199,369.108,370.936,365.908,379.336,519.311,400.553,463.860,427.603,343.077,262.427,322.718,
SEA,Int. Shipping,12.621,13.079,14.007,13.636,14.079,14.558,14.900,15.306,15.764,16.553,16.999,16.187,16.705,17.086,18.730,19.409,20.537,21.670,21.738,20.640,22.158,22.311,20.331,20.495,21.029,21.999,
SEN,Senegal,15.336,15.531,15.719,15.945,16.114,16.205,17.156,17.645,18.639,20.106,18.976,19.715,18.998,18.771,19.000,19.315,17.565,17.818,18.184,18.696,19.323,20.835,21.128,21.244,21.655,22.538,
SGP,Singapore,2.833,3.036,2.970,3.249,3.504,3.618,3.753,3.913,3.910,4.122,4.272,4.428,4.580,4.514,4.849,4.945,5.152,5.424,5.511,5.284,5.487,5.715,5.771,5.759,5.745,5.708,
SHN,Saint Helena,0.004,0.004,0.004,0.004,0.003,0.003,0.003,0.003,0.003,0.003,0.004,0.004,0.004,0.004,0.004,0.004,0.002,0.002,0.003,0.003,0.003,0.003,0.003,0.003,0.003,0.003,
SLB,Solomon Islands,1.797,1.800,1.804,1.806,1.803,1.806,1.808,1.810,1.811,1.814,1.818,1.757,1.759,1.762,1.769,1.774,1.837,1.841,1.849,1.853,1.859,1.874,1.893,1.879,1.874,1.878,
SLE,Sierra Leone,9.836,9.777,9.719,9.792,9.683,9.540,8.048,8.079,8.143,7.848,7.776,8.323,8.442,10.357,11.537,9.819,13.137,10.596,9.765,11.530,10.015,4.444,6.210,5.183,6.701,7.768,
SLV,El Salvador,5.635,5.857,5.960,5.840,5.995,5.717,6.158,6.418,6.012,6.141,5.964,6.326,6.421,6.306,6.551,6.623,6.750,6.775,6.715,6.646,6.470,6.217,6.511,6.240,6.522,6.559,
SOM,Somalia,39.816,37.035,35.115,37.031,38.795,39.454,39.985,40.482,40.464,40.694,41.029,41.594,41.899,42.034,42.381,42.838,41.631,40.548,40.605,40.664,40.869,41.091,41.419,41.555,41.782,42.047,
SPM,Saint Pierre and Miquelon,0.016,0.014,0.014,0.011,0.011,0.009,0.009,0.009,0.010,0.011,0.011,0.015,0.014,0.014,0.015,0.014,0.011,0.011,0.011,0.011,0.011,0.011,0.015,0.014,0.016,0.016,
STP,Sao Tome and Principe,0.030,0.032,0.032,0.032,0.033,0.035,0.036,0.037,0.037,0.038,0.039,0.040,0.042,0.044,0.044,0.045,0.301,0.298,0.302,0.304,0.304,0.058,0.060,0.061,0.063,0.065,
SUR,Suriname,4.833,4.906,4.993,4.865,4.867,4.936,3.908,3.993,4.499,3.736,3.584,3.724,5.297,8.618,7.104,4.467,4.847,4.114,5.219,5.987,5.003,4.995,5.107,5.408,5.469,6.722,
SVK,Slovakia,15.802,13.263,11.931,12.530,11.534,11.630,11.983,12.049,11.446,11.086,11.075,10.192,9.900,9.956,9.960,10.254,10.843,10.638,10.502,9.541,10.100,10.048,9.688,9.930,9.610,10.102,
SVN,Slovenia,4.336,3.967,3.785,3.902,3.896,3.922,4.241,4.387,4.435,4.482,4.609,4.843,5.014,5.175,5.085,5.119,5.663,5.644,5.682,5.295,5.259,5.021,4.958,4.861,4.869,4.858,
SWE,Sweden,53.352,52.626,52.867,53.482,53.734,53.873,54.325,54.745,54.819,54.490,55.128,56.223,56.940,57.723,58.475,57.166,70.401,69.869,69.627,69.216,69.787,56.669,56.407,55.749,56.482,56.340,
SWZ,Swaziland,1.932,2.010,2.045,1.792,1.829,1.858,2.020,2.001,2.002,1.997,1.939,1.732,1.751,1.886,1.897,1.884,1.807,2.056,1.955,1.792,1.829,1.816,1.838,1.797,1.802,1.787,
SYC,Seychelles,0.062,0.069,0.067,0.068,0.068,0.075,0.076,0.084,0.081,0.082,0.079,0.079,0.095,0.098,0.102,0.100,0.118,0.108,0.111,0.119,0.111,0.128,0.132,0.118,0.118,0.121,
SYR,Syrian Arab Republic,13.514,13.973,14.970,14.932,15.884,16.234,16.851,16.975,17.249,16.780,16.996,15.742,16.256,16.555,18.764,21.468,22.177,23.087,22.149,21.417,20.486,20.818,18.956,16.801,16.081,15.838,
TCA,Turks and Caicos Islands,0.005,0.005,0.005,0.006,0.006,0.007,0.007,0.007,0.007,0.008,0.009,0.010,0.010,0.007,0.010,0.010,0.010,0.013,0.018,0.020,0.022,0.022,0.033,0.031,0.029,0.029,
TCD,Chad,17.537,17.754,17.909,18.011,18.137,18.484,20.350,22.456,26.141,26.188,24.060,20.764,21.060,21.366,21.714,22.069,40.607,41.305,41.738,42.155,42.890,43.271,44.160,44.668,46.138,45.137,
TGO,Togo,8.882,8.799,8.596,8.621,8.770,8.601,8.955,9.022,9.240,9.503,9.274,9.218,9.290,9.313,9.382,9.504,9.440,9.495,9.587,9.918,9.908,9.942,10.398,10.497,10.553,10.734,
THA,Thailand,124.328,128.803,132.054,133.305,134.550,133.335,134.508,137.800,130.851,133.190,128.976,179.863,182.064,188.240,198.519,198.418,165.104,173.521,174.413,179.289,187.370,167.962,172.890,170.621,165.661,158.209,
TJK,Tajikistan,6.175,6.352,6.284,5.711,5.554,5.320,4.988,4.902,4.707,4.604,4.628,4.677,4.880,5.079,5.404,5.646,5.958,6.131,6.990,7.376,7.493,7.758,8.367,8.800,9.139,9.567,
TKL,Tokelau,0.000,0.000,0.000,0.000,0.000,0.000,0.000,0.000,0.000,0.000,0.000,0.000,0.000,0.000,0.000,0.000,0.000,0.000,0.000,0.000,0.000,0.000,0.000,0.000,0.000,0.000,
TKM,Turkmenistan,12.516,11.847,9.211,11.290,12.495,12.594,12.223,10.703,11.241,13.505,14.896,15.711,17.638,19.970,21.079,21.290,23.069,23.281,24.631,21.909,23.168,24.333,26.201,26.990,27.469,27.706,
TLS,Timor-Leste,5.641,5.750,5.741,5.779,5.860,5.897,5.929,5.929,5.986,5.926,6.006,5.652,5.637,5.617,5.482,5.557,5.423,5.346,5.355,5.288,5.182,5.162,5.226,5.097,5.086,5.041,
TON,Tonga,0.100,0.100,0.105,0.105,0.105,0.101,0.102,0.102,0.103,0.104,0.106,0.106,0.106,0.106,0.107,0.107,0.107,0.110,0.113,0.115,0.117,0.126,0.142,0.124,0.115,0.116,
TTO,Trinidad and Tobago,5.521,5.739,5.843,5.510,5.836,5.680,6.166,6.058,7.063,8.004,8.139,9.002,9.655,10.439,11.315,14.069,14.440,14.388,14.311,13.955,15.399,15.515,13.522,12.520,12.628,12.776,
TUN,Tunisia,7.646,8.122,8.501,8.990,8.895,9.035,9.500,9.338,9.689,10.002,10.290,10.244,10.062,9.932,10.266,11.332,11.878,11.970,12.414,12.521,12.683,12.610,13.015,12.905,13.468,13.505,
TUR,Turkey,75.998,75.419,77.604,80.149,77.351,78.842,80.867,81.972,82.066,83.331,83.403,80.304,80.988,82.622,85.581,86.451,96.801,100.280,103.723,104.890,106.182,107.894,109.191,115.867,120.740,121.747,
TUV,Tuvalu,0.004,0.005,0.005,0.005,0.005,0.005,0.005,0.005,0.005,0.005,0.005,0.005,0.005,0.005,0.005,0.005,0.005,0.005,0.006,0.006,0.006,0.006,0.006,0.006,0.006,0.006,
TWN,Taiwan_Province of China,30.385,30.843,30.828,31.441,31.934,32.270,32.554,31.850,31.079,30.778,31.337,31.184,32.179,32.829,33.539,33.967,32.976,31.821,31.093,29.931,30.335,31.186,30.659,30.539,30.379,30.342,
TZA,Tanzania_United Republic of,270.210,270.526,270.595,271.194,271.495,274.876,278.238,264.047,279.317,276.542,253.448,289.209,275.180,293.703,296.289,308.918,280.957,288.831,292.228,282.283,281.447,278.136,270.785,268.787,270.395,279.198,
UGA,Uganda,34.093,34.602,34.892,35.315,35.025,35.434,35.501,35.827,37.406,37.544,37.557,35.934,38.913,40.798,42.188,43.310,48.677,46.008,55.086,56.416,56.534,57.663,58.590,59.454,60.568,62.329,
UKR,Ukraine,192.339,183.388,159.093,148.841,138.298,125.089,111.772,105.308,95.299,90.547,86.014,85.377,92.118,87.916,88.514,94.623,89.323,91.264,91.364,80.508,82.077,86.109,85.957,82.066,82.529,80.755,
URY,Uruguay,26.795,28.242,29.781,30.761,31.213,31.269,31.939,31.479,30.898,31.104,30.439,30.545,31.669,32.695,33.821,34.335,35.289,34.627,36.063,35.507,33.762,33.957,33.154,33.245,33.801,33.621,
USA,United States,1204.319,1215.304,1230.277,1236.366,1261.299,1354.312,1317.052,1335.585,1350.458,1387.255,1411.970,1405.721,1451.604,1451.411,1556.554,1539.365,1547.944,1687.204,1517.621,1489.593,1500.705,1533.755,1448.819,1440.518,1473.350,1470.149,
UZB,Uzbekistan,40.437,39.401,38.370,38.140,37.548,38.544,41.875,42.940,41.343,41.579,41.132,41.404,42.822,43.427,45.274,45.389,47.926,49.381,51.501,52.063,54.499,57.310,60.399,61.130,62.781,64.561,
VCT,Saint Vincent and the Grenadines,0.053,0.052,0.053,0.053,0.056,0.056,0.057,0.057,0.059,0.063,0.062,0.062,0.066,0.065,0.067,0.066,0.067,0.071,0.074,0.073,0.073,0.072,0.081,0.076,0.074,0.074,
VEN,Venezuela,193.555,193.806,194.792,195.757,196.787,198.203,190.496,192.164,197.204,195.298,197.332,223.564,196.187,218.963,200.120,208.839,104.117,111.856,102.982,98.739,118.351,140.670,149.884,173.100,159.054,164.270,
VGB,Virgin Islands_British,0.014,0.015,0.015,0.015,0.015,0.015,0.016,0.016,0.017,0.018,0.018,0.017,0.017,0.017,0.018,0.018,0.014,0.018,0.018,0.019,0.019,0.019,0.026,0.025,0.028,0.029,
VIR,Virgin Islands_USA,0.064,0.065,0.065,0.065,0.066,0.066,0.067,0.067,0.066,0.066,0.066,0.068,0.069,0.071,0.073,0.075,0.062,0.063,0.063,0.063,0.064,0.064,0.064,0.065,0.065,0.066,
VNM,Viet Nam,90.198,92.117,93.682,95.114,97.695,98.973,100.671,101.123,105.614,107.284,107.589,106.227,113.497,114.369,119.850,123.193,126.972,131.238,129.312,132.480,149.024,152.661,154.581,157.910,160.560,163.308,
VUT,Vanuatu,0.388,0.395,0.419,0.444,0.448,0.450,0.455,0.460,0.465,0.470,0.450,0.426,0.426,0.448,0.450,0.457,0.466,0.548,0.551,0.523,0.538,0.555,0.566,0.554,0.551,0.561,
WLF,Wallis and Futuna,0.015,0.015,0.015,0.015,0.015,0.015,0.015,0.015,0.015,0.015,0.015,0.016,0.016,0.016,0.016,0.016,0.016,0.016,0.016,0.016,0.015,0.015,0.015,0.015,0.015,0.014,
WSM,Samoa,0.185,0.184,0.181,0.184,0.182,0.179,0.181,0.182,0.187,0.185,0.185,0.199,0.199,0.201,0.204,0.205,0.204,0.196,0.195,0.203,0.214,0.233,0.238,0.237,0.234,0.252,
YEM,Yemen,7.309,7.401,7.704,7.851,8.953,9.425,9.896,10.473,10.971,11.716,12.415,13.025,13.540,14.969,15.553,16.463,17.633,19.521,19.541,17.434,17.388,16.832,16.525,18.295,18.464,15.515,
ZAF,South Africa,76.665,76.730,76.189,75.796,77.691,79.309,80.132,81.545,83.249,81.688,77.713,80.421,83.215,85.779,88.737,91.824,87.738,92.782,93.004,96.758,96.225,96.159,97.767,98.563,100.391,99.335,
ZMB,Zambia,437.339,437.503,437.468,437.408,437.023,436.675,408.471,372.942,379.669,344.686,387.694,373.118,422.917,441.233,454.323,528.456,450.547,420.160,437.482,383.550,427.803,423.241,443.864,456.009,429.032,458.789,
ZWE,Zimbabwe,54.891,53.072,53.881,51.077,51.590,51.691,54.092,54.174,54.903,56.739,56.833,57.344,54.970,54.019,53.172,53.374,53.733,54.347,53.838,54.927,55.245,53.986,54.211,54.321,51.675,51.738,
